device_id,bowl_grams,read_at,source
esp32-01,128.45,2026-07-01T06:59:36-04:00,synthetic
esp32-01,104.70,2026-07-01T07:19:36-04:00,synthetic
esp32-01,83.74,2026-07-01T07:39:36-04:00,synthetic
esp32-01,65.58,2026-07-01T07:59:36-04:00,synthetic
esp32-01,50.22,2026-07-01T08:19:36-04:00,synthetic
esp32-01,37.64,2026-07-01T08:39:36-04:00,synthetic
esp32-01,27.86,2026-07-01T08:59:36-04:00,synthetic
esp32-01,20.88,2026-07-01T09:19:36-04:00,synthetic
esp32-01,16.69,2026-07-01T09:39:36-04:00,synthetic
esp32-01,15.29,2026-07-01T09:59:36-04:00,synthetic
esp32-01,112.47,2026-07-01T12:24:24-04:00,synthetic
esp32-01,92.23,2026-07-01T12:44:24-04:00,synthetic
esp32-01,74.36,2026-07-01T13:04:24-04:00,synthetic
esp32-01,58.88,2026-07-01T13:24:24-04:00,synthetic
esp32-01,45.78,2026-07-01T13:44:24-04:00,synthetic
esp32-01,35.06,2026-07-01T14:04:24-04:00,synthetic
esp32-01,26.73,2026-07-01T14:24:24-04:00,synthetic
esp32-01,20.77,2026-07-01T14:44:24-04:00,synthetic
esp32-01,17.20,2026-07-01T15:04:24-04:00,synthetic
esp32-01,16.01,2026-07-01T15:24:24-04:00,synthetic
esp32-01,155.60,2026-07-01T19:00:52-04:00,synthetic
esp32-01,128.25,2026-07-01T19:20:52-04:00,synthetic
esp32-01,104.12,2026-07-01T19:40:52-04:00,synthetic
esp32-01,83.21,2026-07-01T20:00:52-04:00,synthetic
esp32-01,65.52,2026-07-01T20:20:52-04:00,synthetic
esp32-01,51.04,2026-07-01T20:40:52-04:00,synthetic
esp32-01,39.78,2026-07-01T21:00:52-04:00,synthetic
esp32-01,31.73,2026-07-01T21:20:52-04:00,synthetic
esp32-01,26.91,2026-07-01T21:40:52-04:00,synthetic
esp32-01,25.30,2026-07-01T22:00:52-04:00,synthetic
esp32-01,125.34,2026-07-02T07:08:23-04:00,synthetic
esp32-01,101.81,2026-07-02T07:28:23-04:00,synthetic
esp32-01,81.04,2026-07-02T07:48:23-04:00,synthetic
esp32-01,63.05,2026-07-02T08:08:23-04:00,synthetic
esp32-01,47.82,2026-07-02T08:28:23-04:00,synthetic
esp32-01,35.36,2026-07-02T08:48:23-04:00,synthetic
esp32-01,25.67,2026-07-02T09:08:23-04:00,synthetic
esp32-01,18.75,2026-07-02T09:28:23-04:00,synthetic
esp32-01,14.59,2026-07-02T09:48:23-04:00,synthetic
esp32-01,13.21,2026-07-02T10:08:23-04:00,synthetic
esp32-01,104.83,2026-07-02T12:33:05-04:00,synthetic
esp32-01,85.69,2026-07-02T12:53:05-04:00,synthetic
esp32-01,68.80,2026-07-02T13:13:05-04:00,synthetic
esp32-01,54.17,2026-07-02T13:33:05-04:00,synthetic
esp32-01,41.79,2026-07-02T13:53:05-04:00,synthetic
esp32-01,31.65,2026-07-02T14:13:05-04:00,synthetic
esp32-01,23.77,2026-07-02T14:33:05-04:00,synthetic
esp32-01,18.14,2026-07-02T14:53:05-04:00,synthetic
esp32-01,14.77,2026-07-02T15:13:05-04:00,synthetic
esp32-01,13.64,2026-07-02T15:33:05-04:00,synthetic
esp32-01,143.92,2026-07-02T19:09:48-04:00,synthetic
esp32-01,118.58,2026-07-02T19:29:48-04:00,synthetic
esp32-01,96.22,2026-07-02T19:49:48-04:00,synthetic
esp32-01,76.84,2026-07-02T20:09:48-04:00,synthetic
esp32-01,60.45,2026-07-02T20:29:48-04:00,synthetic
esp32-01,47.03,2026-07-02T20:49:48-04:00,synthetic
esp32-01,36.60,2026-07-02T21:09:48-04:00,synthetic
esp32-01,29.14,2026-07-02T21:29:48-04:00,synthetic
esp32-01,24.67,2026-07-02T21:49:48-04:00,synthetic
esp32-01,23.18,2026-07-02T22:09:48-04:00,synthetic
esp32-01,131.04,2026-07-03T06:56:33-04:00,synthetic
esp32-01,107.34,2026-07-03T07:16:33-04:00,synthetic
esp32-01,86.44,2026-07-03T07:36:33-04:00,synthetic
esp32-01,68.32,2026-07-03T07:56:33-04:00,synthetic
esp32-01,52.99,2026-07-03T08:16:33-04:00,synthetic
esp32-01,40.44,2026-07-03T08:36:33-04:00,synthetic
esp32-01,30.68,2026-07-03T08:56:33-04:00,synthetic
esp32-01,23.72,2026-07-03T09:16:33-04:00,synthetic
esp32-01,19.53,2026-07-03T09:36:33-04:00,synthetic
esp32-01,18.14,2026-07-03T09:56:33-04:00,synthetic
esp32-01,111.02,2026-07-03T12:37:30-04:00,synthetic
esp32-01,92.39,2026-07-03T12:57:30-04:00,synthetic
esp32-01,75.95,2026-07-03T13:17:30-04:00,synthetic
esp32-01,61.70,2026-07-03T13:37:30-04:00,synthetic
esp32-01,49.65,2026-07-03T13:57:30-04:00,synthetic
esp32-01,39.78,2026-07-03T14:17:30-04:00,synthetic
esp32-01,32.11,2026-07-03T14:37:30-04:00,synthetic
esp32-01,26.63,2026-07-03T14:57:30-04:00,synthetic
esp32-01,23.35,2026-07-03T15:17:30-04:00,synthetic
esp32-01,22.25,2026-07-03T15:37:30-04:00,synthetic
esp32-01,157.48,2026-07-03T18:58:01-04:00,synthetic
esp32-01,130.74,2026-07-03T19:18:01-04:00,synthetic
esp32-01,107.15,2026-07-03T19:38:01-04:00,synthetic
esp32-01,86.70,2026-07-03T19:58:01-04:00,synthetic
esp32-01,69.39,2026-07-03T20:18:01-04:00,synthetic
esp32-01,55.24,2026-07-03T20:38:01-04:00,synthetic
esp32-01,44.23,2026-07-03T20:58:01-04:00,synthetic
esp32-01,36.36,2026-07-03T21:18:01-04:00,synthetic
esp32-01,31.64,2026-07-03T21:38:01-04:00,synthetic
esp32-01,30.07,2026-07-03T21:58:01-04:00,synthetic
esp32-01,124.35,2026-07-04T06:35:50-04:00,synthetic
esp32-01,100.05,2026-07-04T06:55:50-04:00,synthetic
esp32-01,78.62,2026-07-04T07:15:50-04:00,synthetic
esp32-01,60.04,2026-07-04T07:35:50-04:00,synthetic
esp32-01,44.32,2026-07-04T07:55:50-04:00,synthetic
esp32-01,31.46,2026-07-04T08:15:50-04:00,synthetic
esp32-01,21.45,2026-07-04T08:35:50-04:00,synthetic
esp32-01,14.31,2026-07-04T08:55:50-04:00,synthetic
esp32-01,10.02,2026-07-04T09:15:50-04:00,synthetic
esp32-01,8.59,2026-07-04T09:35:50-04:00,synthetic
esp32-01,109.23,2026-07-04T12:45:51-04:00,synthetic
esp32-01,90.13,2026-07-04T13:05:51-04:00,synthetic
esp32-01,73.27,2026-07-04T13:25:51-04:00,synthetic
esp32-01,58.66,2026-07-04T13:45:51-04:00,synthetic
esp32-01,46.30,2026-07-04T14:05:51-04:00,synthetic
esp32-01,36.19,2026-07-04T14:25:51-04:00,synthetic
esp32-01,28.32,2026-07-04T14:45:51-04:00,synthetic
esp32-01,22.70,2026-07-04T15:05:51-04:00,synthetic
esp32-01,19.33,2026-07-04T15:25:51-04:00,synthetic
esp32-01,18.21,2026-07-04T15:45:51-04:00,synthetic
esp32-01,162.37,2026-07-04T19:10:17-04:00,synthetic
esp32-01,133.72,2026-07-04T19:30:17-04:00,synthetic
esp32-01,108.44,2026-07-04T19:50:17-04:00,synthetic
esp32-01,86.53,2026-07-04T20:10:17-04:00,synthetic
esp32-01,67.99,2026-07-04T20:30:17-04:00,synthetic
esp32-01,52.82,2026-07-04T20:50:17-04:00,synthetic
esp32-01,41.02,2026-07-04T21:10:17-04:00,synthetic
esp32-01,32.59,2026-07-04T21:30:17-04:00,synthetic
esp32-01,27.54,2026-07-04T21:50:17-04:00,synthetic
esp32-01,25.85,2026-07-04T22:10:17-04:00,synthetic
esp32-01,131.00,2026-07-05T06:44:04-04:00,synthetic
esp32-01,105.87,2026-07-05T07:04:04-04:00,synthetic
esp32-01,83.70,2026-07-05T07:24:04-04:00,synthetic
esp32-01,64.48,2026-07-05T07:44:04-04:00,synthetic
esp32-01,48.22,2026-07-05T08:04:04-04:00,synthetic
esp32-01,34.91,2026-07-05T08:24:04-04:00,synthetic
esp32-01,24.56,2026-07-05T08:44:04-04:00,synthetic
esp32-01,17.17,2026-07-05T09:04:04-04:00,synthetic
esp32-01,12.74,2026-07-05T09:24:04-04:00,synthetic
esp32-01,11.26,2026-07-05T09:44:04-04:00,synthetic
esp32-01,113.45,2026-07-05T12:27:39-04:00,synthetic
esp32-01,92.93,2026-07-05T12:47:39-04:00,synthetic
esp32-01,74.82,2026-07-05T13:07:39-04:00,synthetic
esp32-01,59.12,2026-07-05T13:27:39-04:00,synthetic
esp32-01,45.84,2026-07-05T13:47:39-04:00,synthetic
esp32-01,34.98,2026-07-05T14:07:39-04:00,synthetic
esp32-01,26.53,2026-07-05T14:27:39-04:00,synthetic
esp32-01,20.49,2026-07-05T14:47:39-04:00,synthetic
esp32-01,16.87,2026-07-05T15:07:39-04:00,synthetic
esp32-01,15.66,2026-07-05T15:27:39-04:00,synthetic
esp32-01,148.10,2026-07-05T19:00:15-04:00,synthetic
esp32-01,122.27,2026-07-05T19:20:15-04:00,synthetic
esp32-01,99.49,2026-07-05T19:40:15-04:00,synthetic
esp32-01,79.74,2026-07-05T20:00:15-04:00,synthetic
esp32-01,63.03,2026-07-05T20:20:15-04:00,synthetic
esp32-01,49.36,2026-07-05T20:40:15-04:00,synthetic
esp32-01,38.72,2026-07-05T21:00:15-04:00,synthetic
esp32-01,31.13,2026-07-05T21:20:15-04:00,synthetic
esp32-01,26.57,2026-07-05T21:40:15-04:00,synthetic
esp32-01,25.05,2026-07-05T22:00:15-04:00,synthetic
esp32-01,122.72,2026-07-06T07:07:53-04:00,synthetic
esp32-01,98.86,2026-07-06T07:27:53-04:00,synthetic
esp32-01,77.81,2026-07-06T07:47:53-04:00,synthetic
esp32-01,59.56,2026-07-06T08:07:53-04:00,synthetic
esp32-01,44.12,2026-07-06T08:27:53-04:00,synthetic
esp32-01,31.49,2026-07-06T08:47:53-04:00,synthetic
esp32-01,21.66,2026-07-06T09:07:53-04:00,synthetic
esp32-01,14.64,2026-07-06T09:27:53-04:00,synthetic
esp32-01,10.43,2026-07-06T09:47:53-04:00,synthetic
esp32-01,9.03,2026-07-06T10:07:53-04:00,synthetic
esp32-01,110.45,2026-07-06T12:34:48-04:00,synthetic
esp32-01,90.05,2026-07-06T12:54:48-04:00,synthetic
esp32-01,72.06,2026-07-06T13:14:48-04:00,synthetic
esp32-01,56.46,2026-07-06T13:34:48-04:00,synthetic
esp32-01,43.26,2026-07-06T13:54:48-04:00,synthetic
esp32-01,32.47,2026-07-06T14:14:48-04:00,synthetic
esp32-01,24.07,2026-07-06T14:34:48-04:00,synthetic
esp32-01,18.07,2026-07-06T14:54:48-04:00,synthetic
esp32-01,14.47,2026-07-06T15:14:48-04:00,synthetic
esp32-01,13.27,2026-07-06T15:34:48-04:00,synthetic
esp32-01,152.31,2026-07-06T19:11:00-04:00,synthetic
esp32-01,124.30,2026-07-06T19:31:00-04:00,synthetic
esp32-01,99.59,2026-07-06T19:51:00-04:00,synthetic
esp32-01,78.17,2026-07-06T20:11:00-04:00,synthetic
esp32-01,60.05,2026-07-06T20:31:00-04:00,synthetic
esp32-01,45.22,2026-07-06T20:51:00-04:00,synthetic
esp32-01,33.69,2026-07-06T21:11:00-04:00,synthetic
esp32-01,25.45,2026-07-06T21:31:00-04:00,synthetic
esp32-01,20.51,2026-07-06T21:51:00-04:00,synthetic
esp32-01,18.86,2026-07-06T22:11:00-04:00,synthetic
esp32-01,118.75,2026-07-07T07:02:17-04:00,synthetic
esp32-01,96.09,2026-07-07T07:22:17-04:00,synthetic
esp32-01,76.09,2026-07-07T07:42:17-04:00,synthetic
esp32-01,58.76,2026-07-07T08:02:17-04:00,synthetic
esp32-01,44.09,2026-07-07T08:22:17-04:00,synthetic
esp32-01,32.09,2026-07-07T08:42:17-04:00,synthetic
esp32-01,22.76,2026-07-07T09:02:17-04:00,synthetic
esp32-01,16.09,2026-07-07T09:22:17-04:00,synthetic
esp32-01,12.09,2026-07-07T09:42:17-04:00,synthetic
esp32-01,10.76,2026-07-07T10:02:17-04:00,synthetic
esp32-01,117.26,2026-07-07T12:31:56-04:00,synthetic
esp32-01,95.35,2026-07-07T12:51:56-04:00,synthetic
esp32-01,76.02,2026-07-07T13:11:56-04:00,synthetic
esp32-01,59.26,2026-07-07T13:31:56-04:00,synthetic
esp32-01,45.08,2026-07-07T13:51:56-04:00,synthetic
esp32-01,33.48,2026-07-07T14:11:56-04:00,synthetic
esp32-01,24.46,2026-07-07T14:31:56-04:00,synthetic
esp32-01,18.02,2026-07-07T14:51:56-04:00,synthetic
esp32-01,14.15,2026-07-07T15:11:56-04:00,synthetic
esp32-01,12.86,2026-07-07T15:31:56-04:00,synthetic
esp32-01,156.20,2026-07-07T18:55:18-04:00,synthetic
esp32-01,126.57,2026-07-07T19:15:18-04:00,synthetic
esp32-01,100.42,2026-07-07T19:35:18-04:00,synthetic
esp32-01,77.76,2026-07-07T19:55:18-04:00,synthetic
esp32-01,58.58,2026-07-07T20:15:18-04:00,synthetic
esp32-01,42.89,2026-07-07T20:35:18-04:00,synthetic
esp32-01,30.69,2026-07-07T20:55:18-04:00,synthetic
esp32-01,21.97,2026-07-07T21:15:18-04:00,synthetic
esp32-01,16.74,2026-07-07T21:35:18-04:00,synthetic
esp32-01,15.00,2026-07-07T21:55:18-04:00,synthetic
esp32-01,117.27,2026-07-08T07:10:44-04:00,synthetic
esp32-01,95.51,2026-07-08T07:30:44-04:00,synthetic
esp32-01,76.31,2026-07-08T07:50:44-04:00,synthetic
esp32-01,59.67,2026-07-08T08:10:44-04:00,synthetic
esp32-01,45.59,2026-07-08T08:30:44-04:00,synthetic
esp32-01,34.07,2026-07-08T08:50:44-04:00,synthetic
esp32-01,25.11,2026-07-08T09:10:44-04:00,synthetic
esp32-01,18.71,2026-07-08T09:30:44-04:00,synthetic
esp32-01,14.87,2026-07-08T09:50:44-04:00,synthetic
esp32-01,13.59,2026-07-08T10:10:44-04:00,synthetic
esp32-01,104.00,2026-07-08T12:21:08-04:00,synthetic
esp32-01,86.79,2026-07-08T12:41:08-04:00,synthetic
esp32-01,71.60,2026-07-08T13:01:08-04:00,synthetic
esp32-01,58.43,2026-07-08T13:21:08-04:00,synthetic
esp32-01,47.29,2026-07-08T13:41:08-04:00,synthetic
esp32-01,38.18,2026-07-08T14:01:08-04:00,synthetic
esp32-01,31.09,2026-07-08T14:21:08-04:00,synthetic
esp32-01,26.03,2026-07-08T14:41:08-04:00,synthetic
esp32-01,22.99,2026-07-08T15:01:08-04:00,synthetic
esp32-01,21.98,2026-07-08T15:21:08-04:00,synthetic
esp32-01,166.95,2026-07-08T19:16:50-04:00,synthetic
esp32-01,138.12,2026-07-08T19:36:50-04:00,synthetic
esp32-01,112.68,2026-07-08T19:56:50-04:00,synthetic
esp32-01,90.63,2026-07-08T20:16:50-04:00,synthetic
esp32-01,71.98,2026-07-08T20:36:50-04:00,synthetic
esp32-01,56.71,2026-07-08T20:56:50-04:00,synthetic
esp32-01,44.84,2026-07-08T21:16:50-04:00,synthetic
esp32-01,36.36,2026-07-08T21:36:50-04:00,synthetic
esp32-01,31.28,2026-07-08T21:56:50-04:00,synthetic
esp32-01,29.58,2026-07-08T22:16:50-04:00,synthetic
esp32-01,130.15,2026-07-09T07:03:05-04:00,synthetic
esp32-01,104.41,2026-07-09T07:23:05-04:00,synthetic
esp32-01,81.70,2026-07-09T07:43:05-04:00,synthetic
esp32-01,62.01,2026-07-09T08:03:05-04:00,synthetic
esp32-01,45.35,2026-07-09T08:23:05-04:00,synthetic
esp32-01,31.73,2026-07-09T08:43:05-04:00,synthetic
esp32-01,21.13,2026-07-09T09:03:05-04:00,synthetic
esp32-01,13.56,2026-07-09T09:23:05-04:00,synthetic
esp32-01,9.01,2026-07-09T09:43:05-04:00,synthetic
esp32-01,7.50,2026-07-09T10:03:05-04:00,synthetic
esp32-01,102.21,2026-07-09T12:22:25-04:00,synthetic
esp32-01,83.30,2026-07-09T12:42:25-04:00,synthetic
esp32-01,66.61,2026-07-09T13:02:25-04:00,synthetic
esp32-01,52.15,2026-07-09T13:22:25-04:00,synthetic
esp32-01,39.91,2026-07-09T13:42:25-04:00,synthetic
esp32-01,29.90,2026-07-09T14:02:25-04:00,synthetic
esp32-01,22.11,2026-07-09T14:22:25-04:00,synthetic
esp32-01,16.55,2026-07-09T14:42:25-04:00,synthetic
esp32-01,13.21,2026-07-09T15:02:25-04:00,synthetic
esp32-01,12.10,2026-07-09T15:22:25-04:00,synthetic
esp32-01,152.46,2026-07-09T18:42:06-04:00,synthetic
esp32-01,124.29,2026-07-09T19:02:06-04:00,synthetic
esp32-01,99.43,2026-07-09T19:22:06-04:00,synthetic
esp32-01,77.88,2026-07-09T19:42:06-04:00,synthetic
esp32-01,59.65,2026-07-09T20:02:06-04:00,synthetic
esp32-01,44.74,2026-07-09T20:22:06-04:00,synthetic
esp32-01,33.14,2026-07-09T20:42:06-04:00,synthetic
esp32-01,24.85,2026-07-09T21:02:06-04:00,synthetic
esp32-01,19.88,2026-07-09T21:22:06-04:00,synthetic
esp32-01,18.22,2026-07-09T21:42:06-04:00,synthetic
esp32-01,127.18,2026-07-10T06:57:32-04:00,synthetic
esp32-01,118.92,2026-07-10T07:17:32-04:00,synthetic
esp32-01,111.63,2026-07-10T07:37:32-04:00,synthetic
esp32-01,105.31,2026-07-10T07:57:32-04:00,synthetic
esp32-01,99.97,2026-07-10T08:17:32-04:00,synthetic
esp32-01,95.59,2026-07-10T08:37:32-04:00,synthetic
esp32-01,92.19,2026-07-10T08:57:32-04:00,synthetic
esp32-01,89.76,2026-07-10T09:17:32-04:00,synthetic
esp32-01,88.31,2026-07-10T09:37:32-04:00,synthetic
esp32-01,87.82,2026-07-10T09:57:32-04:00,synthetic
esp32-01,179.78,2026-07-10T12:53:46-04:00,synthetic
esp32-01,173.95,2026-07-10T13:13:46-04:00,synthetic
esp32-01,168.81,2026-07-10T13:33:46-04:00,synthetic
esp32-01,164.36,2026-07-10T13:53:46-04:00,synthetic
esp32-01,160.59,2026-07-10T14:13:46-04:00,synthetic
esp32-01,157.50,2026-07-10T14:33:46-04:00,synthetic
esp32-01,155.10,2026-07-10T14:53:46-04:00,synthetic
esp32-01,153.39,2026-07-10T15:13:46-04:00,synthetic
esp32-01,152.36,2026-07-10T15:33:46-04:00,synthetic
esp32-01,152.02,2026-07-10T15:53:46-04:00,synthetic
esp32-01,290.02,2026-07-10T18:46:19-04:00,synthetic
esp32-01,279.75,2026-07-10T19:06:19-04:00,synthetic
esp32-01,270.69,2026-07-10T19:26:19-04:00,synthetic
esp32-01,262.83,2026-07-10T19:46:19-04:00,synthetic
esp32-01,256.18,2026-07-10T20:06:19-04:00,synthetic
esp32-01,250.75,2026-07-10T20:26:19-04:00,synthetic
esp32-01,246.52,2026-07-10T20:46:19-04:00,synthetic
esp32-01,243.50,2026-07-10T21:06:19-04:00,synthetic
esp32-01,241.68,2026-07-10T21:26:19-04:00,synthetic
esp32-01,241.08,2026-07-10T21:46:19-04:00,synthetic
esp32-01,123.35,2026-07-11T06:56:48-04:00,synthetic
esp32-01,99.33,2026-07-11T07:16:48-04:00,synthetic
esp32-01,78.14,2026-07-11T07:36:48-04:00,synthetic
esp32-01,59.77,2026-07-11T07:56:48-04:00,synthetic
esp32-01,44.23,2026-07-11T08:16:48-04:00,synthetic
esp32-01,31.52,2026-07-11T08:36:48-04:00,synthetic
esp32-01,21.63,2026-07-11T08:56:48-04:00,synthetic
esp32-01,14.56,2026-07-11T09:16:48-04:00,synthetic
esp32-01,10.32,2026-07-11T09:36:48-04:00,synthetic
esp32-01,8.91,2026-07-11T09:56:48-04:00,synthetic
esp32-01,110.49,2026-07-11T12:26:26-04:00,synthetic
esp32-01,89.36,2026-07-11T12:46:26-04:00,synthetic
esp32-01,70.72,2026-07-11T13:06:26-04:00,synthetic
esp32-01,54.56,2026-07-11T13:26:26-04:00,synthetic
esp32-01,40.89,2026-07-11T13:46:26-04:00,synthetic
esp32-01,29.71,2026-07-11T14:06:26-04:00,synthetic
esp32-01,21.01,2026-07-11T14:26:26-04:00,synthetic
esp32-01,14.79,2026-07-11T14:46:26-04:00,synthetic
esp32-01,11.06,2026-07-11T15:06:26-04:00,synthetic
esp32-01,9.82,2026-07-11T15:26:26-04:00,synthetic
esp32-01,151.35,2026-07-11T18:50:20-04:00,synthetic
esp32-01,122.80,2026-07-11T19:10:20-04:00,synthetic
esp32-01,97.62,2026-07-11T19:30:20-04:00,synthetic
esp32-01,75.79,2026-07-11T19:50:20-04:00,synthetic
esp32-01,57.32,2026-07-11T20:10:20-04:00,synthetic
esp32-01,42.21,2026-07-11T20:30:20-04:00,synthetic
esp32-01,30.45,2026-07-11T20:50:20-04:00,synthetic
esp32-01,22.06,2026-07-11T21:10:20-04:00,synthetic
esp32-01,17.02,2026-07-11T21:30:20-04:00,synthetic
esp32-01,15.34,2026-07-11T21:50:20-04:00,synthetic
esp32-01,127.82,2026-07-12T07:10:04-04:00,synthetic
esp32-01,103.33,2026-07-12T07:30:04-04:00,synthetic
esp32-01,81.72,2026-07-12T07:50:04-04:00,synthetic
esp32-01,63.00,2026-07-12T08:10:04-04:00,synthetic
esp32-01,47.15,2026-07-12T08:30:04-04:00,synthetic
esp32-01,34.19,2026-07-12T08:50:04-04:00,synthetic
esp32-01,24.10,2026-07-12T09:10:04-04:00,synthetic
esp32-01,16.90,2026-07-12T09:30:04-04:00,synthetic
esp32-01,12.58,2026-07-12T09:50:04-04:00,synthetic
esp32-01,11.14,2026-07-12T10:10:04-04:00,synthetic
esp32-01,117.90,2026-07-12T12:26:17-04:00,synthetic
esp32-01,96.70,2026-07-12T12:46:17-04:00,synthetic
esp32-01,77.99,2026-07-12T13:06:17-04:00,synthetic
esp32-01,61.77,2026-07-12T13:26:17-04:00,synthetic
esp32-01,48.05,2026-07-12T13:46:17-04:00,synthetic
esp32-01,36.83,2026-07-12T14:06:17-04:00,synthetic
esp32-01,28.10,2026-07-12T14:26:17-04:00,synthetic
esp32-01,21.86,2026-07-12T14:46:17-04:00,synthetic
esp32-01,18.12,2026-07-12T15:06:17-04:00,synthetic
esp32-01,16.87,2026-07-12T15:26:17-04:00,synthetic
esp32-01,150.07,2026-07-12T18:58:19-04:00,synthetic
esp32-01,124.75,2026-07-12T19:18:19-04:00,synthetic
esp32-01,102.40,2026-07-12T19:38:19-04:00,synthetic
esp32-01,83.04,2026-07-12T19:58:19-04:00,synthetic
esp32-01,66.65,2026-07-12T20:18:19-04:00,synthetic
esp32-01,53.24,2026-07-12T20:38:19-04:00,synthetic
esp32-01,42.82,2026-07-12T20:58:19-04:00,synthetic
esp32-01,35.37,2026-07-12T21:18:19-04:00,synthetic
esp32-01,30.90,2026-07-12T21:38:19-04:00,synthetic
esp32-01,29.41,2026-07-12T21:58:19-04:00,synthetic
esp32-01,121.80,2026-07-13T06:55:58-04:00,synthetic
esp32-01,98.64,2026-07-13T07:15:58-04:00,synthetic
esp32-01,78.20,2026-07-13T07:35:58-04:00,synthetic
esp32-01,60.49,2026-07-13T07:55:58-04:00,synthetic
esp32-01,45.51,2026-07-13T08:15:58-04:00,synthetic
esp32-01,33.25,2026-07-13T08:35:58-04:00,synthetic
esp32-01,23.71,2026-07-13T08:55:58-04:00,synthetic
esp32-01,16.90,2026-07-13T09:15:58-04:00,synthetic
esp32-01,12.81,2026-07-13T09:35:58-04:00,synthetic
esp32-01,11.45,2026-07-13T09:55:58-04:00,synthetic
esp32-01,120.59,2026-07-13T12:43:20-04:00,synthetic
esp32-01,97.83,2026-07-13T13:03:20-04:00,synthetic
esp32-01,77.74,2026-07-13T13:23:20-04:00,synthetic
esp32-01,60.33,2026-07-13T13:43:20-04:00,synthetic
esp32-01,45.61,2026-07-13T14:03:20-04:00,synthetic
esp32-01,33.55,2026-07-13T14:23:20-04:00,synthetic
esp32-01,24.18,2026-07-13T14:43:20-04:00,synthetic
esp32-01,17.49,2026-07-13T15:03:20-04:00,synthetic
esp32-01,13.47,2026-07-13T15:23:20-04:00,synthetic
esp32-01,12.13,2026-07-13T15:43:20-04:00,synthetic
esp32-01,149.22,2026-07-13T18:47:56-04:00,synthetic
esp32-01,121.17,2026-07-13T19:07:56-04:00,synthetic
esp32-01,96.42,2026-07-13T19:27:56-04:00,synthetic
esp32-01,74.97,2026-07-13T19:47:56-04:00,synthetic
esp32-01,56.82,2026-07-13T20:07:56-04:00,synthetic
esp32-01,41.97,2026-07-13T20:27:56-04:00,synthetic
esp32-01,30.42,2026-07-13T20:47:56-04:00,synthetic
esp32-01,22.17,2026-07-13T21:07:56-04:00,synthetic
esp32-01,17.22,2026-07-13T21:27:56-04:00,synthetic
esp32-01,15.57,2026-07-13T21:47:56-04:00,synthetic
esp32-01,121.68,2026-07-14T07:23:35-04:00,synthetic
esp32-01,99.22,2026-07-14T07:43:35-04:00,synthetic
esp32-01,79.40,2026-07-14T08:03:35-04:00,synthetic
esp32-01,62.22,2026-07-14T08:23:35-04:00,synthetic
esp32-01,47.68,2026-07-14T08:43:35-04:00,synthetic
esp32-01,35.79,2026-07-14T09:03:35-04:00,synthetic
esp32-01,26.54,2026-07-14T09:23:35-04:00,synthetic
esp32-01,19.94,2026-07-14T09:43:35-04:00,synthetic
esp32-01,15.97,2026-07-14T10:03:35-04:00,synthetic
esp32-01,14.65,2026-07-14T10:23:35-04:00,synthetic
esp32-01,116.11,2026-07-14T12:22:09-04:00,synthetic
esp32-01,95.24,2026-07-14T12:42:09-04:00,synthetic
esp32-01,76.82,2026-07-14T13:02:09-04:00,synthetic
esp32-01,60.85,2026-07-14T13:22:09-04:00,synthetic
esp32-01,47.35,2026-07-14T13:42:09-04:00,synthetic
esp32-01,36.30,2026-07-14T14:02:09-04:00,synthetic
esp32-01,27.70,2026-07-14T14:22:09-04:00,synthetic
esp32-01,21.56,2026-07-14T14:42:09-04:00,synthetic
esp32-01,17.88,2026-07-14T15:02:09-04:00,synthetic
esp32-01,16.65,2026-07-14T15:22:09-04:00,synthetic
esp32-01,154.24,2026-07-14T18:56:19-04:00,synthetic
esp32-01,126.05,2026-07-14T19:16:19-04:00,synthetic
esp32-01,101.18,2026-07-14T19:36:19-04:00,synthetic
esp32-01,79.62,2026-07-14T19:56:19-04:00,synthetic
esp32-01,61.38,2026-07-14T20:16:19-04:00,synthetic
esp32-01,46.46,2026-07-14T20:36:19-04:00,synthetic
esp32-01,34.85,2026-07-14T20:56:19-04:00,synthetic
esp32-01,26.56,2026-07-14T21:16:19-04:00,synthetic
esp32-01,21.59,2026-07-14T21:36:19-04:00,synthetic
esp32-01,19.93,2026-07-14T21:56:19-04:00,synthetic
esp32-01,126.80,2026-07-15T07:13:40-04:00,synthetic
esp32-01,101.50,2026-07-15T07:33:40-04:00,synthetic
esp32-01,79.17,2026-07-15T07:53:40-04:00,synthetic
esp32-01,59.82,2026-07-15T08:13:40-04:00,synthetic
esp32-01,43.45,2026-07-15T08:33:40-04:00,synthetic
esp32-01,30.05,2026-07-15T08:53:40-04:00,synthetic
esp32-01,19.64,2026-07-15T09:13:40-04:00,synthetic
esp32-01,12.19,2026-07-15T09:33:40-04:00,synthetic
esp32-01,7.73,2026-07-15T09:53:40-04:00,synthetic
esp32-01,6.24,2026-07-15T10:13:40-04:00,synthetic
esp32-01,108.04,2026-07-15T12:30:04-04:00,synthetic
esp32-01,87.12,2026-07-15T12:50:04-04:00,synthetic
esp32-01,68.66,2026-07-15T13:10:04-04:00,synthetic
esp32-01,52.66,2026-07-15T13:30:04-04:00,synthetic
esp32-01,39.12,2026-07-15T13:50:04-04:00,synthetic
esp32-01,28.04,2026-07-15T14:10:04-04:00,synthetic
esp32-01,19.43,2026-07-15T14:30:04-04:00,synthetic
esp32-01,13.27,2026-07-15T14:50:04-04:00,synthetic
esp32-01,9.58,2026-07-15T15:10:04-04:00,synthetic
esp32-01,8.35,2026-07-15T15:30:04-04:00,synthetic
esp32-01,159.19,2026-07-15T19:04:13-04:00,synthetic
esp32-01,127.61,2026-07-15T19:24:13-04:00,synthetic
esp32-01,99.74,2026-07-15T19:44:13-04:00,synthetic
esp32-01,75.59,2026-07-15T20:04:13-04:00,synthetic
esp32-01,55.15,2026-07-15T20:24:13-04:00,synthetic
esp32-01,38.43,2026-07-15T20:44:13-04:00,synthetic
esp32-01,25.43,2026-07-15T21:04:13-04:00,synthetic
esp32-01,16.14,2026-07-15T21:24:13-04:00,synthetic
esp32-01,10.57,2026-07-15T21:44:13-04:00,synthetic
esp32-01,8.71,2026-07-15T22:04:13-04:00,synthetic
esp32-01,129.92,2026-07-16T07:00:25-04:00,synthetic
esp32-01,104.62,2026-07-16T07:20:25-04:00,synthetic
esp32-01,82.30,2026-07-16T07:40:25-04:00,synthetic
esp32-01,62.95,2026-07-16T08:00:25-04:00,synthetic
esp32-01,46.58,2026-07-16T08:20:25-04:00,synthetic
esp32-01,33.18,2026-07-16T08:40:25-04:00,synthetic
esp32-01,22.76,2026-07-16T09:00:25-04:00,synthetic
esp32-01,15.32,2026-07-16T09:20:25-04:00,synthetic
esp32-01,10.86,2026-07-16T09:40:25-04:00,synthetic
esp32-01,9.37,2026-07-16T10:00:25-04:00,synthetic
esp32-01,99.77,2026-07-16T12:40:25-04:00,synthetic
esp32-01,82.02,2026-07-16T13:00:25-04:00,synthetic
esp32-01,66.35,2026-07-16T13:20:25-04:00,synthetic
esp32-01,52.78,2026-07-16T13:40:25-04:00,synthetic
esp32-01,41.29,2026-07-16T14:00:25-04:00,synthetic
esp32-01,31.89,2026-07-16T14:20:25-04:00,synthetic
esp32-01,24.58,2026-07-16T14:40:25-04:00,synthetic
esp32-01,19.36,2026-07-16T15:00:25-04:00,synthetic
esp32-01,16.22,2026-07-16T15:20:25-04:00,synthetic
esp32-01,15.18,2026-07-16T15:40:25-04:00,synthetic
esp32-01,149.28,2026-07-16T19:08:11-04:00,synthetic
esp32-01,121.98,2026-07-16T19:28:11-04:00,synthetic
esp32-01,97.89,2026-07-16T19:48:11-04:00,synthetic
esp32-01,77.02,2026-07-16T20:08:11-04:00,synthetic
esp32-01,59.36,2026-07-16T20:28:11-04:00,synthetic
esp32-01,44.90,2026-07-16T20:48:11-04:00,synthetic
esp32-01,33.66,2026-07-16T21:08:11-04:00,synthetic
esp32-01,25.63,2026-07-16T21:28:11-04:00,synthetic
esp32-01,20.82,2026-07-16T21:48:11-04:00,synthetic
esp32-01,19.21,2026-07-16T22:08:11-04:00,synthetic
esp32-01,122.62,2026-07-17T06:52:08-04:00,synthetic
esp32-01,100.09,2026-07-17T07:12:08-04:00,synthetic
esp32-01,80.21,2026-07-17T07:32:08-04:00,synthetic
esp32-01,62.98,2026-07-17T07:52:08-04:00,synthetic
esp32-01,48.40,2026-07-17T08:12:08-04:00,synthetic
esp32-01,36.47,2026-07-17T08:32:08-04:00,synthetic
esp32-01,27.19,2026-07-17T08:52:08-04:00,synthetic
esp32-01,20.56,2026-07-17T09:12:08-04:00,synthetic
esp32-01,16.59,2026-07-17T09:32:08-04:00,synthetic
esp32-01,15.26,2026-07-17T09:52:08-04:00,synthetic
esp32-01,117.98,2026-07-17T12:26:52-04:00,synthetic
esp32-01,117.98,2026-07-17T12:46:52-04:00,synthetic
esp32-01,117.98,2026-07-17T13:06:52-04:00,synthetic
esp32-01,117.98,2026-07-17T13:26:52-04:00,synthetic
esp32-01,117.98,2026-07-17T13:46:52-04:00,synthetic
esp32-01,117.98,2026-07-17T14:06:52-04:00,synthetic
esp32-01,117.98,2026-07-17T14:26:52-04:00,synthetic
esp32-01,117.98,2026-07-17T14:46:52-04:00,synthetic
esp32-01,117.98,2026-07-17T15:06:52-04:00,synthetic
esp32-01,117.98,2026-07-17T15:26:52-04:00,synthetic
esp32-01,260.60,2026-07-17T18:50:06-04:00,synthetic
esp32-01,232.39,2026-07-17T19:10:06-04:00,synthetic
esp32-01,207.50,2026-07-17T19:30:06-04:00,synthetic
esp32-01,185.92,2026-07-17T19:50:06-04:00,synthetic
esp32-01,167.67,2026-07-17T20:10:06-04:00,synthetic
esp32-01,152.73,2026-07-17T20:30:06-04:00,synthetic
esp32-01,141.12,2026-07-17T20:50:06-04:00,synthetic
esp32-01,132.82,2026-07-17T21:10:06-04:00,synthetic
esp32-01,127.84,2026-07-17T21:30:06-04:00,synthetic
esp32-01,126.18,2026-07-17T21:50:06-04:00,synthetic
esp32-01,129.86,2026-07-18T07:00:24-04:00,synthetic
esp32-01,104.23,2026-07-18T07:20:24-04:00,synthetic
esp32-01,81.62,2026-07-18T07:40:24-04:00,synthetic
esp32-01,62.02,2026-07-18T08:00:24-04:00,synthetic
esp32-01,45.44,2026-07-18T08:20:24-04:00,synthetic
esp32-01,31.87,2026-07-18T08:40:24-04:00,synthetic
esp32-01,21.32,2026-07-18T09:00:24-04:00,synthetic
esp32-01,13.78,2026-07-18T09:20:24-04:00,synthetic
esp32-01,9.26,2026-07-18T09:40:24-04:00,synthetic
esp32-01,7.75,2026-07-18T10:00:24-04:00,synthetic
esp32-01,109.19,2026-07-18T12:32:16-04:00,synthetic
esp32-01,87.99,2026-07-18T12:52:16-04:00,synthetic
esp32-01,69.29,2026-07-18T13:12:16-04:00,synthetic
esp32-01,53.08,2026-07-18T13:32:16-04:00,synthetic
esp32-01,39.36,2026-07-18T13:52:16-04:00,synthetic
esp32-01,28.14,2026-07-18T14:12:16-04:00,synthetic
esp32-01,19.41,2026-07-18T14:32:16-04:00,synthetic
esp32-01,13.18,2026-07-18T14:52:16-04:00,synthetic
esp32-01,9.44,2026-07-18T15:12:16-04:00,synthetic
esp32-01,8.19,2026-07-18T15:32:16-04:00,synthetic
esp32-01,144.71,2026-07-18T19:13:33-04:00,synthetic
esp32-01,117.58,2026-07-18T19:33:33-04:00,synthetic
esp32-01,93.64,2026-07-18T19:53:33-04:00,synthetic
esp32-01,72.89,2026-07-18T20:13:33-04:00,synthetic
esp32-01,55.33,2026-07-18T20:33:33-04:00,synthetic
esp32-01,40.97,2026-07-18T20:53:33-04:00,synthetic
esp32-01,29.79,2026-07-18T21:13:33-04:00,synthetic
esp32-01,21.81,2026-07-18T21:33:33-04:00,synthetic
esp32-01,17.03,2026-07-18T21:53:33-04:00,synthetic
esp32-01,15.43,2026-07-18T22:13:33-04:00,synthetic
esp32-01,128.30,2026-07-19T07:06:34-04:00,synthetic
esp32-01,103.08,2026-07-19T07:26:34-04:00,synthetic
esp32-01,80.83,2026-07-19T07:46:34-04:00,synthetic
esp32-01,61.54,2026-07-19T08:06:34-04:00,synthetic
esp32-01,45.22,2026-07-19T08:26:34-04:00,synthetic
esp32-01,31.87,2026-07-19T08:46:34-04:00,synthetic
esp32-01,21.48,2026-07-19T09:06:34-04:00,synthetic
esp32-01,14.06,2026-07-19T09:26:34-04:00,synthetic
esp32-01,9.61,2026-07-19T09:46:34-04:00,synthetic
esp32-01,8.13,2026-07-19T10:06:34-04:00,synthetic
esp32-01,108.28,2026-07-19T12:33:12-04:00,synthetic
esp32-01,88.16,2026-07-19T12:53:12-04:00,synthetic
esp32-01,70.40,2026-07-19T13:13:12-04:00,synthetic
esp32-01,55.01,2026-07-19T13:33:12-04:00,synthetic
esp32-01,41.99,2026-07-19T13:53:12-04:00,synthetic
esp32-01,31.34,2026-07-19T14:13:12-04:00,synthetic
esp32-01,23.05,2026-07-19T14:33:12-04:00,synthetic
esp32-01,17.13,2026-07-19T14:53:12-04:00,synthetic
esp32-01,13.58,2026-07-19T15:13:12-04:00,synthetic
esp32-01,12.40,2026-07-19T15:33:12-04:00,synthetic
esp32-01,151.55,2026-07-19T19:07:20-04:00,synthetic
esp32-01,124.34,2026-07-19T19:27:20-04:00,synthetic
esp32-01,100.33,2026-07-19T19:47:20-04:00,synthetic
esp32-01,79.53,2026-07-19T20:07:20-04:00,synthetic
esp32-01,61.92,2026-07-19T20:27:20-04:00,synthetic
esp32-01,47.52,2026-07-19T20:47:20-04:00,synthetic
esp32-01,36.31,2026-07-19T21:07:20-04:00,synthetic
esp32-01,28.31,2026-07-19T21:27:20-04:00,synthetic
esp32-01,23.51,2026-07-19T21:47:20-04:00,synthetic
esp32-01,21.91,2026-07-19T22:07:20-04:00,synthetic
esp32-01,126.10,2026-07-20T07:01:41-04:00,synthetic
esp32-01,101.44,2026-07-20T07:21:41-04:00,synthetic
esp32-01,79.68,2026-07-20T07:41:41-04:00,synthetic
esp32-01,60.83,2026-07-20T08:01:41-04:00,synthetic
esp32-01,44.87,2026-07-20T08:21:41-04:00,synthetic
esp32-01,31.82,2026-07-20T08:41:41-04:00,synthetic
esp32-01,21.66,2026-07-20T09:01:41-04:00,synthetic
esp32-01,14.41,2026-07-20T09:21:41-04:00,synthetic
esp32-01,10.06,2026-07-20T09:41:41-04:00,synthetic
esp32-01,8.61,2026-07-20T10:01:41-04:00,synthetic
esp32-01,107.23,2026-07-20T12:32:48-04:00,synthetic
esp32-01,88.21,2026-07-20T12:52:48-04:00,synthetic
esp32-01,71.43,2026-07-20T13:12:48-04:00,synthetic
esp32-01,56.89,2026-07-20T13:32:48-04:00,synthetic
esp32-01,44.59,2026-07-20T13:52:48-04:00,synthetic
esp32-01,34.52,2026-07-20T14:12:48-04:00,synthetic
esp32-01,26.69,2026-07-20T14:32:48-04:00,synthetic
esp32-01,21.09,2026-07-20T14:52:48-04:00,synthetic
esp32-01,17.74,2026-07-20T15:12:48-04:00,synthetic
esp32-01,16.62,2026-07-20T15:32:48-04:00,synthetic
esp32-01,154.83,2026-07-20T19:06:03-04:00,synthetic
esp32-01,127.54,2026-07-20T19:26:03-04:00,synthetic
esp32-01,103.46,2026-07-20T19:46:03-04:00,synthetic
esp32-01,82.59,2026-07-20T20:06:03-04:00,synthetic
esp32-01,64.93,2026-07-20T20:26:03-04:00,synthetic
esp32-01,50.48,2026-07-20T20:46:03-04:00,synthetic
esp32-01,39.25,2026-07-20T21:06:03-04:00,synthetic
esp32-01,31.22,2026-07-20T21:26:03-04:00,synthetic
esp32-01,26.41,2026-07-20T21:46:03-04:00,synthetic
esp32-01,24.80,2026-07-20T22:06:03-04:00,synthetic
esp32-01,119.77,2026-07-21T07:11:42-04:00,synthetic
esp32-01,96.90,2026-07-21T07:31:42-04:00,synthetic
esp32-01,76.71,2026-07-21T07:51:42-04:00,synthetic
esp32-01,59.22,2026-07-21T08:11:42-04:00,synthetic
esp32-01,44.42,2026-07-21T08:31:42-04:00,synthetic
esp32-01,32.31,2026-07-21T08:51:42-04:00,synthetic
esp32-01,22.89,2026-07-21T09:11:42-04:00,synthetic
esp32-01,16.16,2026-07-21T09:31:42-04:00,synthetic
esp32-01,12.13,2026-07-21T09:51:42-04:00,synthetic
esp32-01,10.78,2026-07-21T10:11:42-04:00,synthetic
esp32-01,111.00,2026-07-21T12:28:58-04:00,synthetic
esp32-01,91.97,2026-07-21T12:48:58-04:00,synthetic
esp32-01,75.17,2026-07-21T13:08:58-04:00,synthetic
esp32-01,60.62,2026-07-21T13:28:58-04:00,synthetic
esp32-01,48.30,2026-07-21T13:48:58-04:00,synthetic
esp32-01,38.22,2026-07-21T14:08:58-04:00,synthetic
esp32-01,30.39,2026-07-21T14:28:58-04:00,synthetic
esp32-01,24.79,2026-07-21T14:48:58-04:00,synthetic
esp32-01,21.43,2026-07-21T15:08:58-04:00,synthetic
esp32-01,20.31,2026-07-21T15:28:58-04:00,synthetic
esp32-01,162.52,2026-07-21T19:13:06-04:00,synthetic
esp32-01,135.32,2026-07-21T19:33:06-04:00,synthetic
esp32-01,111.33,2026-07-21T19:53:06-04:00,synthetic
esp32-01,90.53,2026-07-21T20:13:06-04:00,synthetic
esp32-01,72.93,2026-07-21T20:33:06-04:00,synthetic
esp32-01,58.54,2026-07-21T20:53:06-04:00,synthetic
esp32-01,47.34,2026-07-21T21:13:06-04:00,synthetic
esp32-01,39.34,2026-07-21T21:33:06-04:00,synthetic
esp32-01,34.54,2026-07-21T21:53:06-04:00,synthetic
esp32-01,32.94,2026-07-21T22:13:06-04:00,synthetic
esp32-01,128.46,2026-07-22T06:56:47-04:00,synthetic
esp32-01,104.35,2026-07-22T07:16:47-04:00,synthetic
esp32-01,83.07,2026-07-22T07:36:47-04:00,synthetic
esp32-01,64.63,2026-07-22T07:56:47-04:00,synthetic
esp32-01,49.02,2026-07-22T08:16:47-04:00,synthetic
esp32-01,36.26,2026-07-22T08:36:47-04:00,synthetic
esp32-01,26.33,2026-07-22T08:56:47-04:00,synthetic
esp32-01,19.23,2026-07-22T09:16:47-04:00,synthetic
esp32-01,14.98,2026-07-22T09:36:47-04:00,synthetic
esp32-01,13.56,2026-07-22T09:56:47-04:00,synthetic
esp32-01,112.39,2026-07-22T12:26:20-04:00,synthetic
esp32-01,91.93,2026-07-22T12:46:20-04:00,synthetic
esp32-01,73.87,2026-07-22T13:06:20-04:00,synthetic
esp32-01,58.22,2026-07-22T13:26:20-04:00,synthetic
esp32-01,44.98,2026-07-22T13:46:20-04:00,synthetic
esp32-01,34.15,2026-07-22T14:06:20-04:00,synthetic
esp32-01,25.72,2026-07-22T14:26:20-04:00,synthetic
esp32-01,19.70,2026-07-22T14:46:20-04:00,synthetic
esp32-01,16.09,2026-07-22T15:06:20-04:00,synthetic
esp32-01,14.89,2026-07-22T15:26:20-04:00,synthetic
esp32-01,154.61,2026-07-22T18:52:26-04:00,synthetic
esp32-01,125.58,2026-07-22T19:12:26-04:00,synthetic
esp32-01,99.96,2026-07-22T19:32:26-04:00,synthetic
esp32-01,77.75,2026-07-22T19:52:26-04:00,synthetic
esp32-01,58.97,2026-07-22T20:12:26-04:00,synthetic
esp32-01,43.60,2026-07-22T20:32:26-04:00,synthetic
esp32-01,31.64,2026-07-22T20:52:26-04:00,synthetic
esp32-01,23.10,2026-07-22T21:12:26-04:00,synthetic
esp32-01,17.98,2026-07-22T21:32:26-04:00,synthetic
esp32-01,16.27,2026-07-22T21:52:26-04:00,synthetic
esp32-01,130.82,2026-07-23T07:03:34-04:00,synthetic
esp32-01,105.79,2026-07-23T07:23:34-04:00,synthetic
esp32-01,83.71,2026-07-23T07:43:34-04:00,synthetic
esp32-01,64.57,2026-07-23T08:03:34-04:00,synthetic
esp32-01,48.38,2026-07-23T08:23:34-04:00,synthetic
esp32-01,35.13,2026-07-23T08:43:34-04:00,synthetic
esp32-01,24.82,2026-07-23T09:03:34-04:00,synthetic
esp32-01,17.46,2026-07-23T09:23:34-04:00,synthetic
esp32-01,13.04,2026-07-23T09:43:34-04:00,synthetic
esp32-01,11.57,2026-07-23T10:03:34-04:00,synthetic
esp32-01,116.66,2026-07-23T12:27:20-04:00,synthetic
esp32-01,95.75,2026-07-23T12:47:20-04:00,synthetic
esp32-01,77.30,2026-07-23T13:07:20-04:00,synthetic
esp32-01,61.30,2026-07-23T13:27:20-04:00,synthetic
esp32-01,47.77,2026-07-23T13:47:20-04:00,synthetic
esp32-01,36.70,2026-07-23T14:07:20-04:00,synthetic
esp32-01,28.09,2026-07-23T14:27:20-04:00,synthetic
esp32-01,21.94,2026-07-23T14:47:20-04:00,synthetic
esp32-01,18.25,2026-07-23T15:07:20-04:00,synthetic
esp32-01,17.02,2026-07-23T15:27:20-04:00,synthetic
esp32-01,155.15,2026-07-23T18:54:11-04:00,synthetic
esp32-01,128.31,2026-07-23T19:14:11-04:00,synthetic
esp32-01,104.63,2026-07-23T19:34:11-04:00,synthetic
esp32-01,84.11,2026-07-23T19:54:11-04:00,synthetic
esp32-01,66.74,2026-07-23T20:14:11-04:00,synthetic
esp32-01,52.53,2026-07-23T20:34:11-04:00,synthetic
esp32-01,41.48,2026-07-23T20:54:11-04:00,synthetic
esp32-01,33.59,2026-07-23T21:14:11-04:00,synthetic
esp32-01,28.85,2026-07-23T21:34:11-04:00,synthetic
esp32-01,27.27,2026-07-23T21:54:11-04:00,synthetic
esp32-01,124.91,2026-07-24T07:06:29-04:00,synthetic
esp32-01,100.17,2026-07-24T07:26:29-04:00,synthetic
esp32-01,78.35,2026-07-24T07:46:29-04:00,synthetic
esp32-01,59.43,2026-07-24T08:06:29-04:00,synthetic
esp32-01,43.43,2026-07-24T08:26:29-04:00,synthetic
esp32-01,30.33,2026-07-24T08:46:29-04:00,synthetic
esp32-01,20.15,2026-07-24T09:06:29-04:00,synthetic
esp32-01,12.87,2026-07-24T09:26:29-04:00,synthetic
esp32-01,8.51,2026-07-24T09:46:29-04:00,synthetic
esp32-01,7.05,2026-07-24T10:06:29-04:00,synthetic
esp32-01,108.69,2026-07-24T12:29:21-04:00,synthetic
esp32-01,87.44,2026-07-24T12:49:21-04:00,synthetic
esp32-01,68.68,2026-07-24T13:09:21-04:00,synthetic
esp32-01,52.43,2026-07-24T13:29:21-04:00,synthetic
esp32-01,38.68,2026-07-24T13:49:21-04:00,synthetic
esp32-01,27.42,2026-07-24T14:09:21-04:00,synthetic
esp32-01,18.67,2026-07-24T14:29:21-04:00,synthetic
esp32-01,12.42,2026-07-24T14:49:21-04:00,synthetic
esp32-01,8.67,2026-07-24T15:09:21-04:00,synthetic
esp32-01,7.42,2026-07-24T15:29:21-04:00,synthetic
esp32-01,154.66,2026-07-24T18:59:55-04:00,synthetic
esp32-01,125.25,2026-07-24T19:19:55-04:00,synthetic
esp32-01,99.31,2026-07-24T19:39:55-04:00,synthetic
esp32-01,76.82,2026-07-24T19:59:55-04:00,synthetic
esp32-01,57.79,2026-07-24T20:19:55-04:00,synthetic
esp32-01,42.23,2026-07-24T20:39:55-04:00,synthetic
esp32-01,30.12,2026-07-24T20:59:55-04:00,synthetic
esp32-01,21.47,2026-07-24T21:19:55-04:00,synthetic
esp32-01,16.28,2026-07-24T21:39:55-04:00,synthetic
esp32-01,14.55,2026-07-24T21:59:55-04:00,synthetic
esp32-01,123.79,2026-07-25T06:59:38-04:00,synthetic
esp32-01,99.49,2026-07-25T07:19:38-04:00,synthetic
esp32-01,78.05,2026-07-25T07:39:38-04:00,synthetic
esp32-01,59.47,2026-07-25T07:59:38-04:00,synthetic
esp32-01,43.74,2026-07-25T08:19:38-04:00,synthetic
esp32-01,30.88,2026-07-25T08:39:38-04:00,synthetic
esp32-01,20.87,2026-07-25T08:59:38-04:00,synthetic
esp32-01,13.73,2026-07-25T09:19:38-04:00,synthetic
esp32-01,9.44,2026-07-25T09:39:38-04:00,synthetic
esp32-01,8.01,2026-07-25T09:59:38-04:00,synthetic
esp32-01,106.39,2026-07-25T12:34:28-04:00,synthetic
esp32-01,85.94,2026-07-25T12:54:28-04:00,synthetic
esp32-01,67.90,2026-07-25T13:14:28-04:00,synthetic
esp32-01,52.26,2026-07-25T13:34:28-04:00,synthetic
esp32-01,39.03,2026-07-25T13:54:28-04:00,synthetic
esp32-01,28.21,2026-07-25T14:14:28-04:00,synthetic
esp32-01,19.79,2026-07-25T14:34:28-04:00,synthetic
esp32-01,13.77,2026-07-25T14:54:28-04:00,synthetic
esp32-01,10.16,2026-07-25T15:14:28-04:00,synthetic
esp32-01,8.96,2026-07-25T15:34:28-04:00,synthetic
esp32-01,199.93,2026-07-25T18:57:14-04:00,synthetic
esp32-01,160.82,2026-07-25T19:17:14-04:00,synthetic
esp32-01,126.31,2026-07-25T19:37:14-04:00,synthetic
esp32-01,96.40,2026-07-25T19:57:14-04:00,synthetic
esp32-01,71.10,2026-07-25T20:17:14-04:00,synthetic
esp32-01,50.39,2026-07-25T20:37:14-04:00,synthetic
esp32-01,34.29,2026-07-25T20:57:14-04:00,synthetic
esp32-01,22.78,2026-07-25T21:17:14-04:00,synthetic
esp32-01,15.88,2026-07-25T21:37:14-04:00,synthetic
esp32-01,13.58,2026-07-25T21:57:14-04:00,synthetic
esp32-01,133.80,2026-07-26T07:03:03-04:00,synthetic
esp32-01,107.55,2026-07-26T07:23:03-04:00,synthetic
esp32-01,84.40,2026-07-26T07:43:03-04:00,synthetic
esp32-01,64.33,2026-07-26T08:03:03-04:00,synthetic
esp32-01,47.35,2026-07-26T08:23:03-04:00,synthetic
esp32-01,33.45,2026-07-26T08:43:03-04:00,synthetic
esp32-01,22.64,2026-07-26T09:03:03-04:00,synthetic
esp32-01,14.93,2026-07-26T09:23:03-04:00,synthetic
esp32-01,10.29,2026-07-26T09:43:03-04:00,synthetic
esp32-01,8.75,2026-07-26T10:03:03-04:00,synthetic
esp32-01,111.67,2026-07-26T12:52:30-04:00,synthetic
esp32-01,90.19,2026-07-26T13:12:30-04:00,synthetic
esp32-01,71.23,2026-07-26T13:32:30-04:00,synthetic
esp32-01,54.80,2026-07-26T13:52:30-04:00,synthetic
esp32-01,40.90,2026-07-26T14:12:30-04:00,synthetic
esp32-01,29.53,2026-07-26T14:32:30-04:00,synthetic
esp32-01,20.68,2026-07-26T14:52:30-04:00,synthetic
esp32-01,14.36,2026-07-26T15:12:30-04:00,synthetic
esp32-01,10.57,2026-07-26T15:32:30-04:00,synthetic
esp32-01,9.31,2026-07-26T15:52:30-04:00,synthetic
esp32-01,144.16,2026-07-26T19:05:05-04:00,synthetic
esp32-01,115.87,2026-07-26T19:25:05-04:00,synthetic
esp32-01,90.92,2026-07-26T19:45:05-04:00,synthetic
esp32-01,69.29,2026-07-26T20:05:05-04:00,synthetic
esp32-01,50.99,2026-07-26T20:25:05-04:00,synthetic
esp32-01,36.01,2026-07-26T20:45:05-04:00,synthetic
esp32-01,24.36,2026-07-26T21:05:05-04:00,synthetic
esp32-01,16.05,2026-07-26T21:25:05-04:00,synthetic
esp32-01,11.05,2026-07-26T21:45:05-04:00,synthetic
esp32-01,9.39,2026-07-26T22:05:05-04:00,synthetic
esp32-01,129.36,2026-07-27T07:00:23-04:00,synthetic
esp32-01,104.43,2026-07-27T07:20:23-04:00,synthetic
esp32-01,82.43,2026-07-27T07:40:23-04:00,synthetic
esp32-01,63.36,2026-07-27T08:00:23-04:00,synthetic
esp32-01,47.23,2026-07-27T08:20:23-04:00,synthetic
esp32-01,34.03,2026-07-27T08:40:23-04:00,synthetic
esp32-01,23.76,2026-07-27T09:00:23-04:00,synthetic
esp32-01,16.43,2026-07-27T09:20:23-04:00,synthetic
esp32-01,12.03,2026-07-27T09:40:23-04:00,synthetic
esp32-01,10.56,2026-07-27T10:00:23-04:00,synthetic
esp32-01,111.13,2026-07-27T12:18:07-04:00,synthetic
esp32-01,90.23,2026-07-27T12:38:07-04:00,synthetic
esp32-01,71.79,2026-07-27T12:58:07-04:00,synthetic
esp32-01,55.81,2026-07-27T13:18:07-04:00,synthetic
esp32-01,42.28,2026-07-27T13:38:07-04:00,synthetic
esp32-01,31.22,2026-07-27T13:58:07-04:00,synthetic
esp32-01,22.61,2026-07-27T14:18:07-04:00,synthetic
esp32-01,16.47,2026-07-27T14:38:07-04:00,synthetic
esp32-01,12.78,2026-07-27T14:58:07-04:00,synthetic
esp32-01,11.55,2026-07-27T15:18:07-04:00,synthetic
esp32-01,152.36,2026-07-27T19:01:29-04:00,synthetic
esp32-01,125.11,2026-07-27T19:21:29-04:00,synthetic
esp32-01,101.07,2026-07-27T19:41:29-04:00,synthetic
esp32-01,80.23,2026-07-27T20:01:29-04:00,synthetic
esp32-01,62.60,2026-07-27T20:21:29-04:00,synthetic
esp32-01,48.18,2026-07-27T20:41:29-04:00,synthetic
esp32-01,36.96,2026-07-27T21:01:29-04:00,synthetic
esp32-01,28.94,2026-07-27T21:21:29-04:00,synthetic
esp32-01,24.13,2026-07-27T21:41:29-04:00,synthetic
esp32-01,22.53,2026-07-27T22:01:29-04:00,synthetic
esp32-01,132.42,2026-07-28T06:59:10-04:00,synthetic
esp32-01,107.38,2026-07-28T07:19:10-04:00,synthetic
esp32-01,85.29,2026-07-28T07:39:10-04:00,synthetic
esp32-01,66.15,2026-07-28T07:59:10-04:00,synthetic
esp32-01,49.95,2026-07-28T08:19:10-04:00,synthetic
esp32-01,36.69,2026-07-28T08:39:10-04:00,synthetic
esp32-01,26.38,2026-07-28T08:59:10-04:00,synthetic
esp32-01,19.02,2026-07-28T09:19:10-04:00,synthetic
esp32-01,14.60,2026-07-28T09:39:10-04:00,synthetic
esp32-01,13.13,2026-07-28T09:59:10-04:00,synthetic
esp32-01,114.41,2026-07-28T12:16:46-04:00,synthetic
esp32-01,94.42,2026-07-28T12:36:46-04:00,synthetic
esp32-01,76.77,2026-07-28T12:56:46-04:00,synthetic
esp32-01,61.48,2026-07-28T13:16:46-04:00,synthetic
esp32-01,48.54,2026-07-28T13:36:46-04:00,synthetic
esp32-01,37.96,2026-07-28T13:56:46-04:00,synthetic
esp32-01,29.73,2026-07-28T14:16:46-04:00,synthetic
esp32-01,23.84,2026-07-28T14:36:46-04:00,synthetic
esp32-01,20.32,2026-07-28T14:56:46-04:00,synthetic
esp32-01,19.14,2026-07-28T15:16:46-04:00,synthetic
esp32-01,162.20,2026-07-28T19:05:54-04:00,synthetic
esp32-01,134.91,2026-07-28T19:25:54-04:00,synthetic
esp32-01,110.83,2026-07-28T19:45:54-04:00,synthetic
esp32-01,89.97,2026-07-28T20:05:54-04:00,synthetic
esp32-01,72.31,2026-07-28T20:25:54-04:00,synthetic
esp32-01,57.86,2026-07-28T20:45:54-04:00,synthetic
esp32-01,46.63,2026-07-28T21:05:54-04:00,synthetic
esp32-01,38.60,2026-07-28T21:25:54-04:00,synthetic
esp32-01,33.79,2026-07-28T21:45:54-04:00,synthetic
esp32-01,32.18,2026-07-28T22:05:54-04:00,synthetic
esp32-01,128.47,2026-07-29T06:49:16-04:00,synthetic
esp32-01,104.32,2026-07-29T07:09:16-04:00,synthetic
esp32-01,83.01,2026-07-29T07:29:16-04:00,synthetic
esp32-01,64.55,2026-07-29T07:49:16-04:00,synthetic
esp32-01,48.92,2026-07-29T08:09:16-04:00,synthetic
esp32-01,36.14,2026-07-29T08:29:16-04:00,synthetic
esp32-01,26.19,2026-07-29T08:49:16-04:00,synthetic
esp32-01,19.09,2026-07-29T09:09:16-04:00,synthetic
esp32-01,14.83,2026-07-29T09:29:16-04:00,synthetic
esp32-01,13.41,2026-07-29T09:49:16-04:00,synthetic
esp32-01,111.50,2026-07-29T12:31:18-04:00,synthetic
esp32-01,92.50,2026-07-29T12:51:18-04:00,synthetic
esp32-01,75.73,2026-07-29T13:11:18-04:00,synthetic
esp32-01,61.19,2026-07-29T13:31:18-04:00,synthetic
esp32-01,48.90,2026-07-29T13:51:18-04:00,synthetic
esp32-01,38.84,2026-07-29T14:11:18-04:00,synthetic
esp32-01,31.01,2026-07-29T14:31:18-04:00,synthetic
esp32-01,25.42,2026-07-29T14:51:18-04:00,synthetic
esp32-01,22.07,2026-07-29T15:11:18-04:00,synthetic
esp32-01,20.95,2026-07-29T15:31:18-04:00,synthetic
esp32-01,157.81,2026-07-29T19:00:43-04:00,synthetic
esp32-01,131.04,2026-07-29T19:20:43-04:00,synthetic
esp32-01,107.42,2026-07-29T19:40:43-04:00,synthetic
esp32-01,86.94,2026-07-29T20:00:43-04:00,synthetic
esp32-01,69.62,2026-07-29T20:20:43-04:00,synthetic
esp32-01,55.45,2026-07-29T20:40:43-04:00,synthetic
esp32-01,44.42,2026-07-29T21:00:43-04:00,synthetic
esp32-01,36.55,2026-07-29T21:20:43-04:00,synthetic
esp32-01,31.82,2026-07-29T21:40:43-04:00,synthetic
esp32-01,30.25,2026-07-29T22:00:43-04:00,synthetic
esp32-01,120.74,2026-07-30T07:09:36-04:00,synthetic
esp32-01,99.08,2026-07-30T07:29:36-04:00,synthetic
esp32-01,79.96,2026-07-30T07:49:36-04:00,synthetic
esp32-01,63.40,2026-07-30T08:09:36-04:00,synthetic
esp32-01,49.38,2026-07-30T08:29:36-04:00,synthetic
esp32-01,37.91,2026-07-30T08:49:36-04:00,synthetic
esp32-01,28.99,2026-07-30T09:09:36-04:00,synthetic
esp32-01,22.62,2026-07-30T09:29:36-04:00,synthetic
esp32-01,18.79,2026-07-30T09:49:36-04:00,synthetic
esp32-01,17.52,2026-07-30T10:09:36-04:00,synthetic
esp32-01,115.78,2026-07-30T12:30:27-04:00,synthetic
esp32-01,95.80,2026-07-30T12:50:27-04:00,synthetic
esp32-01,78.17,2026-07-30T13:10:27-04:00,synthetic
esp32-01,62.90,2026-07-30T13:30:27-04:00,synthetic
esp32-01,49.97,2026-07-30T13:50:27-04:00,synthetic
esp32-01,39.39,2026-07-30T14:10:27-04:00,synthetic
esp32-01,31.17,2026-07-30T14:30:27-04:00,synthetic
esp32-01,25.29,2026-07-30T14:50:27-04:00,synthetic
esp32-01,21.77,2026-07-30T15:10:27-04:00,synthetic
esp32-01,20.59,2026-07-30T15:30:27-04:00,synthetic
esp32-01,161.08,2026-07-30T18:50:29-04:00,synthetic
esp32-01,133.27,2026-07-30T19:10:29-04:00,synthetic
esp32-01,108.74,2026-07-30T19:30:29-04:00,synthetic
esp32-01,87.47,2026-07-30T19:50:29-04:00,synthetic
esp32-01,69.48,2026-07-30T20:10:29-04:00,synthetic
esp32-01,54.76,2026-07-30T20:30:29-04:00,synthetic
esp32-01,43.31,2026-07-30T20:50:29-04:00,synthetic
esp32-01,35.13,2026-07-30T21:10:29-04:00,synthetic
esp32-01,30.23,2026-07-30T21:30:29-04:00,synthetic
esp32-01,28.59,2026-07-30T21:50:29-04:00,synthetic
esp32-01,122.05,2026-07-31T07:06:10-04:00,synthetic
esp32-01,99.11,2026-07-31T07:26:10-04:00,synthetic
esp32-01,78.87,2026-07-31T07:46:10-04:00,synthetic
esp32-01,61.33,2026-07-31T08:06:10-04:00,synthetic
esp32-01,46.48,2026-07-31T08:26:10-04:00,synthetic
esp32-01,34.34,2026-07-31T08:46:10-04:00,synthetic
esp32-01,24.89,2026-07-31T09:06:10-04:00,synthetic
esp32-01,18.15,2026-07-31T09:26:10-04:00,synthetic
esp32-01,14.10,2026-07-31T09:46:10-04:00,synthetic
esp32-01,12.75,2026-07-31T10:06:10-04:00,synthetic
esp32-01,117.65,2026-07-31T12:38:26-04:00,synthetic
esp32-01,97.05,2026-07-31T12:58:26-04:00,synthetic
esp32-01,78.88,2026-07-31T13:18:26-04:00,synthetic
esp32-01,63.13,2026-07-31T13:38:26-04:00,synthetic
esp32-01,49.80,2026-07-31T13:58:26-04:00,synthetic
esp32-01,38.90,2026-07-31T14:18:26-04:00,synthetic
esp32-01,30.41,2026-07-31T14:38:26-04:00,synthetic
esp32-01,24.36,2026-07-31T14:58:26-04:00,synthetic
esp32-01,20.72,2026-07-31T15:18:26-04:00,synthetic
esp32-01,19.51,2026-07-31T15:38:26-04:00,synthetic
esp32-01,164.38,2026-07-31T19:07:29-04:00,synthetic
esp32-01,134.25,2026-07-31T19:27:29-04:00,synthetic
esp32-01,107.66,2026-07-31T19:47:29-04:00,synthetic
esp32-01,84.61,2026-07-31T20:07:29-04:00,synthetic
esp32-01,65.11,2026-07-31T20:27:29-04:00,synthetic
esp32-01,49.16,2026-07-31T20:47:29-04:00,synthetic
esp32-01,36.75,2026-07-31T21:07:29-04:00,synthetic
esp32-01,27.89,2026-07-31T21:27:29-04:00,synthetic
esp32-01,22.57,2026-07-31T21:47:29-04:00,synthetic
esp32-01,20.80,2026-07-31T22:07:29-04:00,synthetic
esp32-01,130.25,2026-08-01T07:10:37-04:00,synthetic
esp32-01,119.69,2026-08-01T07:30:37-04:00,synthetic
esp32-01,110.38,2026-08-01T07:50:37-04:00,synthetic
esp32-01,102.31,2026-08-01T08:10:37-04:00,synthetic
esp32-01,95.47,2026-08-01T08:30:37-04:00,synthetic
esp32-01,89.89,2026-08-01T08:50:37-04:00,synthetic
esp32-01,85.54,2026-08-01T09:10:37-04:00,synthetic
esp32-01,82.43,2026-08-01T09:30:37-04:00,synthetic
esp32-01,80.57,2026-08-01T09:50:37-04:00,synthetic
esp32-01,79.95,2026-08-01T10:10:37-04:00,synthetic
esp32-01,176.92,2026-08-01T12:46:10-04:00,synthetic
esp32-01,167.96,2026-08-01T13:06:10-04:00,synthetic
esp32-01,160.05,2026-08-01T13:26:10-04:00,synthetic
esp32-01,153.20,2026-08-01T13:46:10-04:00,synthetic
esp32-01,147.41,2026-08-01T14:06:10-04:00,synthetic
esp32-01,142.66,2026-08-01T14:26:10-04:00,synthetic
esp32-01,138.97,2026-08-01T14:46:10-04:00,synthetic
esp32-01,136.34,2026-08-01T15:06:10-04:00,synthetic
esp32-01,134.76,2026-08-01T15:26:10-04:00,synthetic
esp32-01,134.23,2026-08-01T15:46:10-04:00,synthetic
esp32-01,276.75,2026-08-01T19:05:42-04:00,synthetic
esp32-01,265.88,2026-08-01T19:25:42-04:00,synthetic
esp32-01,256.29,2026-08-01T19:45:42-04:00,synthetic
esp32-01,247.98,2026-08-01T20:05:42-04:00,synthetic
esp32-01,240.94,2026-08-01T20:25:42-04:00,synthetic
esp32-01,235.19,2026-08-01T20:45:42-04:00,synthetic
esp32-01,230.71,2026-08-01T21:05:42-04:00,synthetic
esp32-01,227.52,2026-08-01T21:25:42-04:00,synthetic
esp32-01,225.60,2026-08-01T21:45:42-04:00,synthetic
esp32-01,224.96,2026-08-01T22:05:42-04:00,synthetic
esp32-01,119.55,2026-08-02T06:50:07-04:00,synthetic
esp32-01,95.68,2026-08-02T07:10:07-04:00,synthetic
esp32-01,74.61,2026-08-02T07:30:07-04:00,synthetic
esp32-01,56.36,2026-08-02T07:50:07-04:00,synthetic
esp32-01,40.91,2026-08-02T08:10:07-04:00,synthetic
esp32-01,28.27,2026-08-02T08:30:07-04:00,synthetic
esp32-01,18.44,2026-08-02T08:50:07-04:00,synthetic
esp32-01,11.42,2026-08-02T09:10:07-04:00,synthetic
esp32-01,7.20,2026-08-02T09:30:07-04:00,synthetic
esp32-01,5.80,2026-08-02T09:50:07-04:00,synthetic
esp32-01,101.78,2026-08-02T12:50:13-04:00,synthetic
esp32-01,82.99,2026-08-02T13:10:13-04:00,synthetic
esp32-01,66.41,2026-08-02T13:30:13-04:00,synthetic
esp32-01,52.05,2026-08-02T13:50:13-04:00,synthetic
esp32-01,39.89,2026-08-02T14:10:13-04:00,synthetic
esp32-01,29.94,2026-08-02T14:30:13-04:00,synthetic
esp32-01,22.21,2026-08-02T14:50:13-04:00,synthetic
esp32-01,16.68,2026-08-02T15:10:13-04:00,synthetic
esp32-01,13.37,2026-08-02T15:30:13-04:00,synthetic
esp32-01,12.26,2026-08-02T15:50:13-04:00,synthetic
esp32-01,154.93,2026-08-02T18:55:13-04:00,synthetic
esp32-01,127.85,2026-08-02T19:15:13-04:00,synthetic
esp32-01,103.95,2026-08-02T19:35:13-04:00,synthetic
esp32-01,83.24,2026-08-02T19:55:13-04:00,synthetic
esp32-01,65.71,2026-08-02T20:15:13-04:00,synthetic
esp32-01,51.37,2026-08-02T20:35:13-04:00,synthetic
esp32-01,40.22,2026-08-02T20:55:13-04:00,synthetic
esp32-01,32.25,2026-08-02T21:15:13-04:00,synthetic
esp32-01,27.47,2026-08-02T21:35:13-04:00,synthetic
esp32-01,25.88,2026-08-02T21:55:13-04:00,synthetic
esp32-01,136.20,2026-08-03T06:48:02-04:00,synthetic
esp32-01,111.60,2026-08-03T07:08:02-04:00,synthetic
esp32-01,89.89,2026-08-03T07:28:02-04:00,synthetic
esp32-01,71.08,2026-08-03T07:48:02-04:00,synthetic
esp32-01,55.17,2026-08-03T08:08:02-04:00,synthetic
esp32-01,42.14,2026-08-03T08:28:02-04:00,synthetic
esp32-01,32.01,2026-08-03T08:48:02-04:00,synthetic
esp32-01,24.78,2026-08-03T09:08:02-04:00,synthetic
esp32-01,20.44,2026-08-03T09:28:02-04:00,synthetic
esp32-01,18.99,2026-08-03T09:48:02-04:00,synthetic
esp32-01,121.86,2026-08-03T12:52:26-04:00,synthetic
esp32-01,101.22,2026-08-03T13:12:26-04:00,synthetic
esp32-01,83.01,2026-08-03T13:32:26-04:00,synthetic
esp32-01,67.22,2026-08-03T13:52:26-04:00,synthetic
esp32-01,53.86,2026-08-03T14:12:26-04:00,synthetic
esp32-01,42.94,2026-08-03T14:32:26-04:00,synthetic
esp32-01,34.44,2026-08-03T14:52:26-04:00,synthetic
esp32-01,28.37,2026-08-03T15:12:26-04:00,synthetic
esp32-01,24.72,2026-08-03T15:32:26-04:00,synthetic
esp32-01,23.51,2026-08-03T15:52:26-04:00,synthetic
esp32-01,166.84,2026-08-03T19:12:56-04:00,synthetic
esp32-01,138.62,2026-08-03T19:32:56-04:00,synthetic
esp32-01,113.72,2026-08-03T19:52:56-04:00,synthetic
esp32-01,92.14,2026-08-03T20:12:56-04:00,synthetic
esp32-01,73.88,2026-08-03T20:32:56-04:00,synthetic
esp32-01,58.94,2026-08-03T20:52:56-04:00,synthetic
esp32-01,47.32,2026-08-03T21:12:56-04:00,synthetic
esp32-01,39.02,2026-08-03T21:32:56-04:00,synthetic
esp32-01,34.04,2026-08-03T21:52:56-04:00,synthetic
esp32-01,32.38,2026-08-03T22:12:56-04:00,synthetic
esp32-01,121.34,2026-08-04T07:11:53-04:00,synthetic
esp32-01,97.82,2026-08-04T07:31:53-04:00,synthetic
esp32-01,77.07,2026-08-04T07:51:53-04:00,synthetic
esp32-01,59.08,2026-08-04T08:11:53-04:00,synthetic
esp32-01,43.87,2026-08-04T08:31:53-04:00,synthetic
esp32-01,31.42,2026-08-04T08:51:53-04:00,synthetic
esp32-01,21.73,2026-08-04T09:11:53-04:00,synthetic
esp32-01,14.81,2026-08-04T09:31:53-04:00,synthetic
esp32-01,10.66,2026-08-04T09:51:53-04:00,synthetic
esp32-01,9.28,2026-08-04T10:11:53-04:00,synthetic
esp32-01,105.96,2026-08-04T12:32:39-04:00,synthetic
esp32-01,87.39,2026-08-04T12:52:39-04:00,synthetic
esp32-01,71.01,2026-08-04T13:12:39-04:00,synthetic
esp32-01,56.81,2026-08-04T13:32:39-04:00,synthetic
esp32-01,44.80,2026-08-04T13:52:39-04:00,synthetic
esp32-01,34.97,2026-08-04T14:12:39-04:00,synthetic
esp32-01,27.32,2026-08-04T14:32:39-04:00,synthetic
esp32-01,21.86,2026-08-04T14:52:39-04:00,synthetic
esp32-01,18.58,2026-08-04T15:12:39-04:00,synthetic
esp32-01,17.49,2026-08-04T15:32:39-04:00,synthetic
esp32-01,158.74,2026-08-04T19:13:43-04:00,synthetic
esp32-01,131.24,2026-08-04T19:33:43-04:00,synthetic
esp32-01,106.97,2026-08-04T19:53:43-04:00,synthetic
esp32-01,85.94,2026-08-04T20:13:43-04:00,synthetic
esp32-01,68.14,2026-08-04T20:33:43-04:00,synthetic
esp32-01,53.58,2026-08-04T20:53:43-04:00,synthetic
esp32-01,42.26,2026-08-04T21:13:43-04:00,synthetic
esp32-01,34.17,2026-08-04T21:33:43-04:00,synthetic
esp32-01,29.32,2026-08-04T21:53:43-04:00,synthetic
esp32-01,27.70,2026-08-04T22:13:43-04:00,synthetic
esp32-01,125.27,2026-08-05T07:07:42-04:00,synthetic
esp32-01,100.16,2026-08-05T07:27:42-04:00,synthetic
esp32-01,78.00,2026-08-05T07:47:42-04:00,synthetic
esp32-01,58.80,2026-08-05T08:07:42-04:00,synthetic
esp32-01,42.56,2026-08-05T08:27:42-04:00,synthetic
esp32-01,29.26,2026-08-05T08:47:42-04:00,synthetic
esp32-01,18.92,2026-08-05T09:07:42-04:00,synthetic
esp32-01,11.54,2026-08-05T09:27:42-04:00,synthetic
esp32-01,7.11,2026-08-05T09:47:42-04:00,synthetic
esp32-01,5.63,2026-08-05T10:07:42-04:00,synthetic
esp32-01,105.53,2026-08-05T12:21:54-04:00,synthetic
esp32-01,84.99,2026-08-05T12:41:54-04:00,synthetic
esp32-01,66.86,2026-08-05T13:01:54-04:00,synthetic
esp32-01,51.15,2026-08-05T13:21:54-04:00,synthetic
esp32-01,37.85,2026-08-05T13:41:54-04:00,synthetic
esp32-01,26.98,2026-08-05T14:01:54-04:00,synthetic
esp32-01,18.52,2026-08-05T14:21:54-04:00,synthetic
esp32-01,12.47,2026-08-05T14:41:54-04:00,synthetic
esp32-01,8.85,2026-08-05T15:01:54-04:00,synthetic
esp32-01,7.64,2026-08-05T15:21:54-04:00,synthetic
esp32-01,148.35,2026-08-05T19:08:40-04:00,synthetic
esp32-01,120.91,2026-08-05T19:28:40-04:00,synthetic
esp32-01,96.71,2026-08-05T19:48:40-04:00,synthetic
esp32-01,75.73,2026-08-05T20:08:40-04:00,synthetic
esp32-01,57.98,2026-08-05T20:28:40-04:00,synthetic
esp32-01,43.45,2026-08-05T20:48:40-04:00,synthetic
esp32-01,32.15,2026-08-05T21:08:40-04:00,synthetic
esp32-01,24.09,2026-08-05T21:28:40-04:00,synthetic
esp32-01,19.24,2026-08-05T21:48:40-04:00,synthetic
esp32-01,17.63,2026-08-05T22:08:40-04:00,synthetic
esp32-01,130.79,2026-08-06T07:15:39-04:00,synthetic
esp32-01,106.11,2026-08-06T07:35:39-04:00,synthetic
esp32-01,84.34,2026-08-06T07:55:39-04:00,synthetic
esp32-01,65.47,2026-08-06T08:15:39-04:00,synthetic
esp32-01,49.51,2026-08-06T08:35:39-04:00,synthetic
esp32-01,36.44,2026-08-06T08:55:39-04:00,synthetic
esp32-01,26.28,2026-08-06T09:15:39-04:00,synthetic
esp32-01,19.03,2026-08-06T09:35:39-04:00,synthetic
esp32-01,14.67,2026-08-06T09:55:39-04:00,synthetic
esp32-01,13.22,2026-08-06T10:15:39-04:00,synthetic
esp32-01,107.68,2026-08-06T12:39:06-04:00,synthetic
esp32-01,89.56,2026-08-06T12:59:06-04:00,synthetic
esp32-01,73.57,2026-08-06T13:19:06-04:00,synthetic
esp32-01,59.71,2026-08-06T13:39:06-04:00,synthetic
esp32-01,47.98,2026-08-06T13:59:06-04:00,synthetic
esp32-01,38.39,2026-08-06T14:19:06-04:00,synthetic
esp32-01,30.92,2026-08-06T14:39:06-04:00,synthetic
esp32-01,25.59,2026-08-06T14:59:06-04:00,synthetic
esp32-01,22.40,2026-08-06T15:19:06-04:00,synthetic
esp32-01,21.33,2026-08-06T15:39:06-04:00,synthetic
esp32-01,163.84,2026-08-06T18:52:30-04:00,synthetic
esp32-01,135.06,2026-08-06T19:12:30-04:00,synthetic
esp32-01,109.66,2026-08-06T19:32:30-04:00,synthetic
esp32-01,87.65,2026-08-06T19:52:30-04:00,synthetic
esp32-01,69.03,2026-08-06T20:12:30-04:00,synthetic
esp32-01,53.79,2026-08-06T20:32:30-04:00,synthetic
esp32-01,41.94,2026-08-06T20:52:30-04:00,synthetic
esp32-01,33.47,2026-08-06T21:12:30-04:00,synthetic
esp32-01,28.39,2026-08-06T21:32:30-04:00,synthetic
esp32-01,26.70,2026-08-06T21:52:30-04:00,synthetic
esp32-01,127.33,2026-08-07T07:07:48-04:00,synthetic
esp32-01,103.01,2026-08-07T07:27:48-04:00,synthetic
esp32-01,81.55,2026-08-07T07:47:48-04:00,synthetic
esp32-01,62.95,2026-08-07T08:07:48-04:00,synthetic
esp32-01,47.22,2026-08-07T08:27:48-04:00,synthetic
esp32-01,34.34,2026-08-07T08:47:48-04:00,synthetic
esp32-01,24.33,2026-08-07T09:07:48-04:00,synthetic
esp32-01,17.17,2026-08-07T09:27:48-04:00,synthetic
esp32-01,12.88,2026-08-07T09:47:48-04:00,synthetic
esp32-01,11.45,2026-08-07T10:07:48-04:00,synthetic
esp32-01,108.15,2026-08-07T12:22:25-04:00,synthetic
esp32-01,88.43,2026-08-07T12:42:25-04:00,synthetic
esp32-01,71.03,2026-08-07T13:02:25-04:00,synthetic
esp32-01,55.94,2026-08-07T13:22:25-04:00,synthetic
esp32-01,43.18,2026-08-07T13:42:25-04:00,synthetic
esp32-01,32.74,2026-08-07T14:02:25-04:00,synthetic
esp32-01,24.62,2026-08-07T14:22:25-04:00,synthetic
esp32-01,18.82,2026-08-07T14:42:25-04:00,synthetic
esp32-01,15.34,2026-08-07T15:02:25-04:00,synthetic
esp32-01,14.18,2026-08-07T15:22:25-04:00,synthetic
esp32-01,156.78,2026-08-07T19:01:38-04:00,synthetic
esp32-01,129.79,2026-08-07T19:21:38-04:00,synthetic
esp32-01,105.98,2026-08-07T19:41:38-04:00,synthetic
esp32-01,85.34,2026-08-07T20:01:38-04:00,synthetic
esp32-01,67.87,2026-08-07T20:21:38-04:00,synthetic
esp32-01,53.58,2026-08-07T20:41:38-04:00,synthetic
esp32-01,42.47,2026-08-07T21:01:38-04:00,synthetic
esp32-01,34.53,2026-08-07T21:21:38-04:00,synthetic
esp32-01,29.77,2026-08-07T21:41:38-04:00,synthetic
esp32-01,28.18,2026-08-07T22:01:38-04:00,synthetic
esp32-01,125.58,2026-08-08T06:57:39-04:00,synthetic
esp32-01,101.35,2026-08-08T07:17:39-04:00,synthetic
esp32-01,79.96,2026-08-08T07:37:39-04:00,synthetic
esp32-01,61.43,2026-08-08T07:57:39-04:00,synthetic
esp32-01,45.75,2026-08-08T08:17:39-04:00,synthetic
esp32-01,32.92,2026-08-08T08:37:39-04:00,synthetic
esp32-01,22.94,2026-08-08T08:57:39-04:00,synthetic
esp32-01,15.81,2026-08-08T09:17:39-04:00,synthetic
esp32-01,11.54,2026-08-08T09:37:39-04:00,synthetic
esp32-01,10.11,2026-08-08T09:57:39-04:00,synthetic
esp32-01,112.74,2026-08-08T12:24:21-04:00,synthetic
esp32-01,112.74,2026-08-08T12:44:21-04:00,synthetic
esp32-01,112.74,2026-08-08T13:04:21-04:00,synthetic
esp32-01,112.74,2026-08-08T13:24:21-04:00,synthetic
esp32-01,112.74,2026-08-08T13:44:21-04:00,synthetic
esp32-01,112.74,2026-08-08T14:04:21-04:00,synthetic
esp32-01,112.74,2026-08-08T14:24:21-04:00,synthetic
esp32-01,112.74,2026-08-08T14:44:21-04:00,synthetic
esp32-01,112.74,2026-08-08T15:04:21-04:00,synthetic
esp32-01,112.74,2026-08-08T15:24:21-04:00,synthetic
esp32-01,248.11,2026-08-08T18:52:22-04:00,synthetic
esp32-01,222.42,2026-08-08T19:12:22-04:00,synthetic
esp32-01,199.76,2026-08-08T19:32:22-04:00,synthetic
esp32-01,180.12,2026-08-08T19:52:22-04:00,synthetic
esp32-01,163.49,2026-08-08T20:12:22-04:00,synthetic
esp32-01,149.90,2026-08-08T20:32:22-04:00,synthetic
esp32-01,139.32,2026-08-08T20:52:22-04:00,synthetic
esp32-01,131.76,2026-08-08T21:12:22-04:00,synthetic
esp32-01,127.23,2026-08-08T21:32:22-04:00,synthetic
esp32-01,125.72,2026-08-08T21:52:22-04:00,synthetic
esp32-01,129.55,2026-08-09T07:12:20-04:00,synthetic
esp32-01,105.93,2026-08-09T07:32:20-04:00,synthetic
esp32-01,85.09,2026-08-09T07:52:20-04:00,synthetic
esp32-01,67.02,2026-08-09T08:12:20-04:00,synthetic
esp32-01,51.74,2026-08-09T08:32:20-04:00,synthetic
esp32-01,39.23,2026-08-09T08:52:20-04:00,synthetic
esp32-01,29.51,2026-08-09T09:12:20-04:00,synthetic
esp32-01,22.56,2026-08-09T09:32:20-04:00,synthetic
esp32-01,18.39,2026-08-09T09:52:20-04:00,synthetic
esp32-01,17.00,2026-08-09T10:12:20-04:00,synthetic
esp32-01,114.26,2026-08-09T12:37:53-04:00,synthetic
esp32-01,93.86,2026-08-09T12:57:53-04:00,synthetic
esp32-01,75.86,2026-08-09T13:17:53-04:00,synthetic
esp32-01,60.27,2026-08-09T13:37:53-04:00,synthetic
esp32-01,47.07,2026-08-09T13:57:53-04:00,synthetic
esp32-01,36.27,2026-08-09T14:17:53-04:00,synthetic
esp32-01,27.87,2026-08-09T14:37:53-04:00,synthetic
esp32-01,21.87,2026-08-09T14:57:53-04:00,synthetic
esp32-01,18.27,2026-08-09T15:17:53-04:00,synthetic
esp32-01,17.07,2026-08-09T15:37:53-04:00,synthetic
esp32-01,157.34,2026-08-09T19:05:47-04:00,synthetic
esp32-01,129.20,2026-08-09T19:25:47-04:00,synthetic
esp32-01,104.37,2026-08-09T19:45:47-04:00,synthetic
esp32-01,82.85,2026-08-09T20:05:47-04:00,synthetic
esp32-01,64.64,2026-08-09T20:25:47-04:00,synthetic
esp32-01,49.74,2026-08-09T20:45:47-04:00,synthetic
esp32-01,38.15,2026-08-09T21:05:47-04:00,synthetic
esp32-01,29.87,2026-08-09T21:25:47-04:00,synthetic
esp32-01,24.91,2026-08-09T21:45:47-04:00,synthetic
esp32-01,23.25,2026-08-09T22:05:47-04:00,synthetic
esp32-01,127.40,2026-08-10T07:07:21-04:00,synthetic
esp32-01,102.96,2026-08-10T07:27:21-04:00,synthetic
esp32-01,81.40,2026-08-10T07:47:21-04:00,synthetic
esp32-01,62.71,2026-08-10T08:07:21-04:00,synthetic
esp32-01,46.89,2026-08-10T08:27:21-04:00,synthetic
esp32-01,33.95,2026-08-10T08:47:21-04:00,synthetic
esp32-01,23.89,2026-08-10T09:07:21-04:00,synthetic
esp32-01,16.70,2026-08-10T09:27:21-04:00,synthetic
esp32-01,12.39,2026-08-10T09:47:21-04:00,synthetic
esp32-01,10.95,2026-08-10T10:07:21-04:00,synthetic
esp32-01,113.43,2026-08-10T12:26:55-04:00,synthetic
esp32-01,92.01,2026-08-10T12:46:55-04:00,synthetic
esp32-01,73.11,2026-08-10T13:06:55-04:00,synthetic
esp32-01,56.72,2026-08-10T13:26:55-04:00,synthetic
esp32-01,42.86,2026-08-10T13:46:55-04:00,synthetic
esp32-01,31.52,2026-08-10T14:06:55-04:00,synthetic
esp32-01,22.70,2026-08-10T14:26:55-04:00,synthetic
esp32-01,16.40,2026-08-10T14:46:55-04:00,synthetic
esp32-01,12.62,2026-08-10T15:06:55-04:00,synthetic
esp32-01,11.36,2026-08-10T15:26:55-04:00,synthetic
esp32-01,154.58,2026-08-10T19:19:49-04:00,synthetic
esp32-01,127.34,2026-08-10T19:39:49-04:00,synthetic
esp32-01,103.31,2026-08-10T19:59:49-04:00,synthetic
esp32-01,82.48,2026-08-10T20:19:49-04:00,synthetic
esp32-01,64.86,2026-08-10T20:39:49-04:00,synthetic
esp32-01,50.44,2026-08-10T20:59:49-04:00,synthetic
esp32-01,39.22,2026-08-10T21:19:49-04:00,synthetic
esp32-01,31.21,2026-08-10T21:39:49-04:00,synthetic
esp32-01,26.40,2026-08-10T21:59:49-04:00,synthetic
esp32-01,24.80,2026-08-10T22:19:49-04:00,synthetic
esp32-01,120.73,2026-08-11T06:57:59-04:00,synthetic
esp32-01,98.32,2026-08-11T07:17:59-04:00,synthetic
esp32-01,78.55,2026-08-11T07:37:59-04:00,synthetic
esp32-01,61.41,2026-08-11T07:57:59-04:00,synthetic
esp32-01,46.91,2026-08-11T08:17:59-04:00,synthetic
esp32-01,35.05,2026-08-11T08:37:59-04:00,synthetic
esp32-01,25.82,2026-08-11T08:57:59-04:00,synthetic
esp32-01,19.23,2026-08-11T09:17:59-04:00,synthetic
esp32-01,15.28,2026-08-11T09:37:59-04:00,synthetic
esp32-01,13.96,2026-08-11T09:57:59-04:00,synthetic
esp32-01,115.64,2026-08-11T12:38:25-04:00,synthetic
esp32-01,95.70,2026-08-11T12:58:25-04:00,synthetic
esp32-01,78.10,2026-08-11T13:18:25-04:00,synthetic
esp32-01,62.85,2026-08-11T13:38:25-04:00,synthetic
esp32-01,49.95,2026-08-11T13:58:25-04:00,synthetic
esp32-01,39.39,2026-08-11T14:18:25-04:00,synthetic
esp32-01,31.18,2026-08-11T14:38:25-04:00,synthetic
esp32-01,25.31,2026-08-11T14:58:25-04:00,synthetic
esp32-01,21.79,2026-08-11T15:18:25-04:00,synthetic
esp32-01,20.62,2026-08-11T15:38:25-04:00,synthetic
esp32-01,158.53,2026-08-11T19:00:18-04:00,synthetic
esp32-01,129.85,2026-08-11T19:20:18-04:00,synthetic
esp32-01,104.54,2026-08-11T19:40:18-04:00,synthetic
esp32-01,82.61,2026-08-11T20:00:18-04:00,synthetic
esp32-01,64.05,2026-08-11T20:20:18-04:00,synthetic
esp32-01,48.86,2026-08-11T20:40:18-04:00,synthetic
esp32-01,37.05,2026-08-11T21:00:18-04:00,synthetic
esp32-01,28.62,2026-08-11T21:20:18-04:00,synthetic
esp32-01,23.56,2026-08-11T21:40:18-04:00,synthetic
esp32-01,21.87,2026-08-11T22:00:18-04:00,synthetic
esp32-01,120.70,2026-08-12T06:47:29-04:00,synthetic
esp32-01,98.54,2026-08-12T07:07:29-04:00,synthetic
esp32-01,78.98,2026-08-12T07:27:29-04:00,synthetic
esp32-01,62.03,2026-08-12T07:47:29-04:00,synthetic
esp32-01,47.69,2026-08-12T08:07:29-04:00,synthetic
esp32-01,35.96,2026-08-12T08:27:29-04:00,synthetic
esp32-01,26.83,2026-08-12T08:47:29-04:00,synthetic
esp32-01,20.31,2026-08-12T09:07:29-04:00,synthetic
esp32-01,16.40,2026-08-12T09:27:29-04:00,synthetic
esp32-01,15.10,2026-08-12T09:47:29-04:00,synthetic
esp32-01,116.96,2026-08-12T12:14:39-04:00,synthetic
esp32-01,96.00,2026-08-12T12:34:39-04:00,synthetic
esp32-01,77.50,2026-08-12T12:54:39-04:00,synthetic
esp32-01,61.47,2026-08-12T13:14:39-04:00,synthetic
esp32-01,47.91,2026-08-12T13:34:39-04:00,synthetic
esp32-01,36.81,2026-08-12T13:54:39-04:00,synthetic
esp32-01,28.18,2026-08-12T14:14:39-04:00,synthetic
esp32-01,22.01,2026-08-12T14:34:39-04:00,synthetic
esp32-01,18.31,2026-08-12T14:54:39-04:00,synthetic
esp32-01,17.08,2026-08-12T15:14:39-04:00,synthetic
esp32-01,153.50,2026-08-12T18:42:44-04:00,synthetic
esp32-01,127.69,2026-08-12T19:02:44-04:00,synthetic
esp32-01,104.91,2026-08-12T19:22:44-04:00,synthetic
esp32-01,85.17,2026-08-12T19:42:44-04:00,synthetic
esp32-01,68.47,2026-08-12T20:02:44-04:00,synthetic
esp32-01,54.80,2026-08-12T20:22:44-04:00,synthetic
esp32-01,44.18,2026-08-12T20:42:44-04:00,synthetic
esp32-01,36.58,2026-08-12T21:02:44-04:00,synthetic
esp32-01,32.03,2026-08-12T21:22:44-04:00,synthetic
esp32-01,30.51,2026-08-12T21:42:44-04:00,synthetic
esp32-01,128.64,2026-08-13T07:10:28-04:00,synthetic
esp32-01,105.12,2026-08-13T07:30:28-04:00,synthetic
esp32-01,84.37,2026-08-13T07:50:28-04:00,synthetic
esp32-01,66.39,2026-08-13T08:10:28-04:00,synthetic
esp32-01,51.17,2026-08-13T08:30:28-04:00,synthetic
esp32-01,38.72,2026-08-13T08:50:28-04:00,synthetic
esp32-01,29.04,2026-08-13T09:10:28-04:00,synthetic
esp32-01,22.12,2026-08-13T09:30:28-04:00,synthetic
esp32-01,17.97,2026-08-13T09:50:28-04:00,synthetic
esp32-01,16.59,2026-08-13T10:10:28-04:00,synthetic
esp32-01,118.73,2026-08-13T12:39:39-04:00,synthetic
esp32-01,98.06,2026-08-13T12:59:39-04:00,synthetic
esp32-01,79.82,2026-08-13T13:19:39-04:00,synthetic
esp32-01,64.02,2026-08-13T13:39:39-04:00,synthetic
esp32-01,50.65,2026-08-13T13:59:39-04:00,synthetic
esp32-01,39.70,2026-08-13T14:19:39-04:00,synthetic
esp32-01,31.19,2026-08-13T14:39:39-04:00,synthetic
esp32-01,25.11,2026-08-13T14:59:39-04:00,synthetic
esp32-01,21.47,2026-08-13T15:19:39-04:00,synthetic
esp32-01,20.25,2026-08-13T15:39:39-04:00,synthetic
esp32-01,150.27,2026-08-13T19:23:35-04:00,synthetic
esp32-01,124.42,2026-08-13T19:43:35-04:00,synthetic
esp32-01,101.61,2026-08-13T20:03:35-04:00,synthetic
esp32-01,81.84,2026-08-13T20:23:35-04:00,synthetic
esp32-01,65.12,2026-08-13T20:43:35-04:00,synthetic
esp32-01,51.43,2026-08-13T21:03:35-04:00,synthetic
esp32-01,40.79,2026-08-13T21:23:35-04:00,synthetic
esp32-01,33.18,2026-08-13T21:43:35-04:00,synthetic
esp32-01,28.62,2026-08-13T22:03:35-04:00,synthetic
esp32-01,27.10,2026-08-13T22:23:35-04:00,synthetic
esp32-01,119.95,2026-08-14T06:57:31-04:00,synthetic
esp32-01,97.01,2026-08-14T07:17:31-04:00,synthetic
esp32-01,76.78,2026-08-14T07:37:31-04:00,synthetic
esp32-01,59.24,2026-08-14T07:57:31-04:00,synthetic
esp32-01,44.40,2026-08-14T08:17:31-04:00,synthetic
esp32-01,32.26,2026-08-14T08:37:31-04:00,synthetic
esp32-01,22.81,2026-08-14T08:57:31-04:00,synthetic
esp32-01,16.07,2026-08-14T09:17:31-04:00,synthetic
esp32-01,12.02,2026-08-14T09:37:31-04:00,synthetic
esp32-01,10.67,2026-08-14T09:57:31-04:00,synthetic
esp32-01,114.90,2026-08-14T12:14:33-04:00,synthetic
esp32-01,93.59,2026-08-14T12:34:33-04:00,synthetic
esp32-01,74.78,2026-08-14T12:54:33-04:00,synthetic
esp32-01,58.48,2026-08-14T13:14:33-04:00,synthetic
esp32-01,44.69,2026-08-14T13:34:33-04:00,synthetic
esp32-01,33.41,2026-08-14T13:54:33-04:00,synthetic
esp32-01,24.63,2026-08-14T14:14:33-04:00,synthetic
esp32-01,18.36,2026-08-14T14:34:33-04:00,synthetic
esp32-01,14.60,2026-08-14T14:54:33-04:00,synthetic
esp32-01,13.35,2026-08-14T15:14:33-04:00,synthetic
esp32-01,151.18,2026-08-14T18:56:25-04:00,synthetic
esp32-01,124.29,2026-08-14T19:16:25-04:00,synthetic
esp32-01,100.57,2026-08-14T19:36:25-04:00,synthetic
esp32-01,80.01,2026-08-14T19:56:25-04:00,synthetic
esp32-01,62.61,2026-08-14T20:16:25-04:00,synthetic
esp32-01,48.38,2026-08-14T20:36:25-04:00,synthetic
esp32-01,37.30,2026-08-14T20:56:25-04:00,synthetic
esp32-01,29.40,2026-08-14T21:16:25-04:00,synthetic
esp32-01,24.65,2026-08-14T21:36:25-04:00,synthetic
esp32-01,23.07,2026-08-14T21:56:25-04:00,synthetic
esp32-01,121.61,2026-08-15T07:01:32-04:00,synthetic
esp32-01,98.92,2026-08-15T07:21:32-04:00,synthetic
esp32-01,78.90,2026-08-15T07:41:32-04:00,synthetic
esp32-01,61.54,2026-08-15T08:01:32-04:00,synthetic
esp32-01,46.86,2026-08-15T08:21:32-04:00,synthetic
esp32-01,34.85,2026-08-15T08:41:32-04:00,synthetic
esp32-01,25.50,2026-08-15T09:01:32-04:00,synthetic
esp32-01,18.83,2026-08-15T09:21:32-04:00,synthetic
esp32-01,14.82,2026-08-15T09:41:32-04:00,synthetic
esp32-01,13.49,2026-08-15T10:01:32-04:00,synthetic
esp32-01,108.38,2026-08-15T12:31:39-04:00,synthetic
esp32-01,89.92,2026-08-15T12:51:39-04:00,synthetic
esp32-01,73.63,2026-08-15T13:11:39-04:00,synthetic
esp32-01,59.51,2026-08-15T13:31:39-04:00,synthetic
esp32-01,47.56,2026-08-15T13:51:39-04:00,synthetic
esp32-01,37.79,2026-08-15T14:11:39-04:00,synthetic
esp32-01,30.18,2026-08-15T14:31:39-04:00,synthetic
esp32-01,24.75,2026-08-15T14:51:39-04:00,synthetic
esp32-01,21.50,2026-08-15T15:11:39-04:00,synthetic
esp32-01,20.41,2026-08-15T15:31:39-04:00,synthetic
esp32-01,231.20,2026-08-15T18:41:04-04:00,synthetic
esp32-01,187.94,2026-08-15T19:01:04-04:00,synthetic
esp32-01,149.77,2026-08-15T19:21:04-04:00,synthetic
esp32-01,116.69,2026-08-15T19:41:04-04:00,synthetic
esp32-01,88.70,2026-08-15T20:01:04-04:00,synthetic
esp32-01,65.80,2026-08-15T20:21:04-04:00,synthetic
esp32-01,47.98,2026-08-15T20:41:04-04:00,synthetic
esp32-01,35.26,2026-08-15T21:01:04-04:00,synthetic
esp32-01,27.62,2026-08-15T21:21:04-04:00,synthetic
esp32-01,25.08,2026-08-15T21:41:04-04:00,synthetic
esp32-01,132.77,2026-08-16T07:04:44-04:00,synthetic
esp32-01,108.50,2026-08-16T07:24:44-04:00,synthetic
esp32-01,87.08,2026-08-16T07:44:44-04:00,synthetic
esp32-01,68.52,2026-08-16T08:04:44-04:00,synthetic
esp32-01,52.81,2026-08-16T08:24:44-04:00,synthetic
esp32-01,39.96,2026-08-16T08:44:44-04:00,synthetic
esp32-01,29.97,2026-08-16T09:04:44-04:00,synthetic
esp32-01,22.83,2026-08-16T09:24:44-04:00,synthetic
esp32-01,18.55,2026-08-16T09:44:44-04:00,synthetic
esp32-01,17.12,2026-08-16T10:04:44-04:00,synthetic
esp32-01,119.02,2026-08-16T12:24:24-04:00,synthetic
esp32-01,98.87,2026-08-16T12:44:24-04:00,synthetic
esp32-01,81.08,2026-08-16T13:04:24-04:00,synthetic
esp32-01,65.67,2026-08-16T13:24:24-04:00,synthetic
esp32-01,52.63,2026-08-16T13:44:24-04:00,synthetic
esp32-01,41.96,2026-08-16T14:04:24-04:00,synthetic
esp32-01,33.66,2026-08-16T14:24:24-04:00,synthetic
esp32-01,27.73,2026-08-16T14:44:24-04:00,synthetic
esp32-01,24.18,2026-08-16T15:04:24-04:00,synthetic
esp32-01,22.99,2026-08-16T15:24:24-04:00,synthetic
esp32-01,154.66,2026-08-16T19:00:34-04:00,synthetic
esp32-01,128.08,2026-08-16T19:20:34-04:00,synthetic
esp32-01,104.63,2026-08-16T19:40:34-04:00,synthetic
esp32-01,84.30,2026-08-16T20:00:34-04:00,synthetic
esp32-01,67.11,2026-08-16T20:20:34-04:00,synthetic
esp32-01,53.04,2026-08-16T20:40:34-04:00,synthetic
esp32-01,42.09,2026-08-16T21:00:34-04:00,synthetic
esp32-01,34.27,2026-08-16T21:20:34-04:00,synthetic
esp32-01,29.58,2026-08-16T21:40:34-04:00,synthetic
esp32-01,28.02,2026-08-16T22:00:34-04:00,synthetic
esp32-01,130.41,2026-08-17T07:06:18-04:00,synthetic
esp32-01,105.85,2026-08-17T07:26:18-04:00,synthetic
esp32-01,84.19,2026-08-17T07:46:18-04:00,synthetic
esp32-01,65.41,2026-08-17T08:06:18-04:00,synthetic
esp32-01,49.52,2026-08-17T08:26:18-04:00,synthetic
esp32-01,36.52,2026-08-17T08:46:18-04:00,synthetic
esp32-01,26.41,2026-08-17T09:06:18-04:00,synthetic
esp32-01,19.19,2026-08-17T09:26:18-04:00,synthetic
esp32-01,14.85,2026-08-17T09:46:18-04:00,synthetic
esp32-01,13.41,2026-08-17T10:06:18-04:00,synthetic
esp32-01,116.95,2026-08-17T12:43:20-04:00,synthetic
esp32-01,96.44,2026-08-17T13:03:20-04:00,synthetic
esp32-01,78.34,2026-08-17T13:23:20-04:00,synthetic
esp32-01,62.65,2026-08-17T13:43:20-04:00,synthetic
esp32-01,49.38,2026-08-17T14:03:20-04:00,synthetic
esp32-01,38.52,2026-08-17T14:23:20-04:00,synthetic
esp32-01,30.07,2026-08-17T14:43:20-04:00,synthetic
esp32-01,24.04,2026-08-17T15:03:20-04:00,synthetic
esp32-01,20.42,2026-08-17T15:23:20-04:00,synthetic
esp32-01,19.21,2026-08-17T15:43:20-04:00,synthetic
esp32-01,165.12,2026-08-17T18:46:52-04:00,synthetic
esp32-01,134.70,2026-08-17T19:06:52-04:00,synthetic
esp32-01,107.87,2026-08-17T19:26:52-04:00,synthetic
esp32-01,84.61,2026-08-17T19:46:52-04:00,synthetic
esp32-01,64.93,2026-08-17T20:06:52-04:00,synthetic
esp32-01,48.83,2026-08-17T20:26:52-04:00,synthetic
esp32-01,36.30,2026-08-17T20:46:52-04:00,synthetic
esp32-01,27.36,2026-08-17T21:06:52-04:00,synthetic
esp32-01,21.99,2026-08-17T21:26:52-04:00,synthetic
esp32-01,20.20,2026-08-17T21:46:52-04:00,synthetic
esp32-01,125.38,2026-08-18T06:56:08-04:00,synthetic
esp32-01,102.11,2026-08-18T07:16:08-04:00,synthetic
esp32-01,81.58,2026-08-18T07:36:08-04:00,synthetic
esp32-01,63.79,2026-08-18T07:56:08-04:00,synthetic
esp32-01,48.74,2026-08-18T08:16:08-04:00,synthetic
esp32-01,36.42,2026-08-18T08:36:08-04:00,synthetic
esp32-01,26.84,2026-08-18T08:56:08-04:00,synthetic
esp32-01,19.99,2026-08-18T09:16:08-04:00,synthetic
esp32-01,15.89,2026-08-18T09:36:08-04:00,synthetic
esp32-01,14.52,2026-08-18T09:56:08-04:00,synthetic
esp32-01,108.17,2026-08-18T12:22:33-04:00,synthetic
esp32-01,89.23,2026-08-18T12:42:33-04:00,synthetic
esp32-01,72.52,2026-08-18T13:02:33-04:00,synthetic
esp32-01,58.04,2026-08-18T13:22:33-04:00,synthetic
esp32-01,45.78,2026-08-18T13:42:33-04:00,synthetic
esp32-01,35.76,2026-08-18T14:02:33-04:00,synthetic
esp32-01,27.96,2026-08-18T14:22:33-04:00,synthetic
esp32-01,22.39,2026-08-18T14:42:33-04:00,synthetic
esp32-01,19.04,2026-08-18T15:02:33-04:00,synthetic
esp32-01,17.93,2026-08-18T15:22:33-04:00,synthetic
esp32-01,158.33,2026-08-18T19:03:53-04:00,synthetic
esp32-01,128.96,2026-08-18T19:23:53-04:00,synthetic
esp32-01,103.05,2026-08-18T19:43:53-04:00,synthetic
esp32-01,80.60,2026-08-18T20:03:53-04:00,synthetic
esp32-01,61.60,2026-08-18T20:23:53-04:00,synthetic
esp32-01,46.05,2026-08-18T20:43:53-04:00,synthetic
esp32-01,33.96,2026-08-18T21:03:53-04:00,synthetic
esp32-01,25.32,2026-08-18T21:23:53-04:00,synthetic
esp32-01,20.14,2026-08-18T21:43:53-04:00,synthetic
esp32-01,18.41,2026-08-18T22:03:53-04:00,synthetic
esp32-01,120.97,2026-08-19T06:51:49-04:00,synthetic
esp32-01,98.65,2026-08-19T07:11:49-04:00,synthetic
esp32-01,78.95,2026-08-19T07:31:49-04:00,synthetic
esp32-01,61.88,2026-08-19T07:51:49-04:00,synthetic
esp32-01,47.44,2026-08-19T08:11:49-04:00,synthetic
esp32-01,35.62,2026-08-19T08:31:49-04:00,synthetic
esp32-01,26.43,2026-08-19T08:51:49-04:00,synthetic
esp32-01,19.86,2026-08-19T09:11:49-04:00,synthetic
esp32-01,15.92,2026-08-19T09:31:49-04:00,synthetic
esp32-01,14.61,2026-08-19T09:51:49-04:00,synthetic
esp32-01,114.26,2026-08-19T12:47:44-04:00,synthetic
esp32-01,95.02,2026-08-19T13:07:44-04:00,synthetic
esp32-01,78.04,2026-08-19T13:27:44-04:00,synthetic
esp32-01,63.33,2026-08-19T13:47:44-04:00,synthetic
esp32-01,50.88,2026-08-19T14:07:44-04:00,synthetic
esp32-01,40.69,2026-08-19T14:27:44-04:00,synthetic
esp32-01,32.77,2026-08-19T14:47:44-04:00,synthetic
esp32-01,27.11,2026-08-19T15:07:44-04:00,synthetic
esp32-01,23.71,2026-08-19T15:27:44-04:00,synthetic
esp32-01,22.58,2026-08-19T15:47:44-04:00,synthetic
esp32-01,165.45,2026-08-19T18:59:38-04:00,synthetic
esp32-01,136.20,2026-08-19T19:19:38-04:00,synthetic
esp32-01,110.39,2026-08-19T19:39:38-04:00,synthetic
esp32-01,88.03,2026-08-19T19:59:38-04:00,synthetic
esp32-01,69.10,2026-08-19T20:19:38-04:00,synthetic
esp32-01,53.62,2026-08-19T20:39:38-04:00,synthetic
esp32-01,41.57,2026-08-19T20:59:38-04:00,synthetic
esp32-01,32.97,2026-08-19T21:19:38-04:00,synthetic
esp32-01,27.81,2026-08-19T21:39:38-04:00,synthetic
esp32-01,26.09,2026-08-19T21:59:38-04:00,synthetic
esp32-01,127.71,2026-08-20T06:52:07-04:00,synthetic
esp32-01,103.15,2026-08-20T07:12:07-04:00,synthetic
esp32-01,81.48,2026-08-20T07:32:07-04:00,synthetic
esp32-01,62.70,2026-08-20T07:52:07-04:00,synthetic
esp32-01,46.81,2026-08-20T08:12:07-04:00,synthetic
esp32-01,33.81,2026-08-20T08:32:07-04:00,synthetic
esp32-01,23.69,2026-08-20T08:52:07-04:00,synthetic
esp32-01,16.47,2026-08-20T09:12:07-04:00,synthetic
esp32-01,12.13,2026-08-20T09:32:07-04:00,synthetic
esp32-01,10.69,2026-08-20T09:52:07-04:00,synthetic
esp32-01,107.79,2026-08-20T12:23:03-04:00,synthetic
esp32-01,89.34,2026-08-20T12:43:03-04:00,synthetic
esp32-01,73.06,2026-08-20T13:03:03-04:00,synthetic
esp32-01,58.95,2026-08-20T13:23:03-04:00,synthetic
esp32-01,47.01,2026-08-20T13:43:03-04:00,synthetic
esp32-01,37.24,2026-08-20T14:03:03-04:00,synthetic
esp32-01,29.65,2026-08-20T14:23:03-04:00,synthetic
esp32-01,24.22,2026-08-20T14:43:03-04:00,synthetic
esp32-01,20.97,2026-08-20T15:03:03-04:00,synthetic
esp32-01,19.88,2026-08-20T15:23:03-04:00,synthetic
esp32-01,164.36,2026-08-20T19:04:24-04:00,synthetic
esp32-01,135.75,2026-08-20T19:24:24-04:00,synthetic
esp32-01,110.51,2026-08-20T19:44:24-04:00,synthetic
esp32-01,88.63,2026-08-20T20:04:24-04:00,synthetic
esp32-01,70.11,2026-08-20T20:24:24-04:00,synthetic
esp32-01,54.97,2026-08-20T20:44:24-04:00,synthetic
esp32-01,43.19,2026-08-20T21:04:24-04:00,synthetic
esp32-01,34.77,2026-08-20T21:24:24-04:00,synthetic
esp32-01,29.72,2026-08-20T21:44:24-04:00,synthetic
esp32-01,28.04,2026-08-20T22:04:24-04:00,synthetic
esp32-01,125.18,2026-08-21T07:28:47-04:00,synthetic
esp32-01,101.34,2026-08-21T07:48:47-04:00,synthetic
esp32-01,80.30,2026-08-21T08:08:47-04:00,synthetic
esp32-01,62.07,2026-08-21T08:28:47-04:00,synthetic
esp32-01,46.65,2026-08-21T08:48:47-04:00,synthetic
esp32-01,34.03,2026-08-21T09:08:47-04:00,synthetic
esp32-01,24.21,2026-08-21T09:28:47-04:00,synthetic
esp32-01,17.20,2026-08-21T09:48:47-04:00,synthetic
esp32-01,12.99,2026-08-21T10:08:47-04:00,synthetic
esp32-01,11.59,2026-08-21T10:28:47-04:00,synthetic
esp32-01,115.90,2026-08-21T12:55:38-04:00,synthetic
esp32-01,94.91,2026-08-21T13:15:38-04:00,synthetic
esp32-01,76.40,2026-08-21T13:35:38-04:00,synthetic
esp32-01,60.35,2026-08-21T13:55:38-04:00,synthetic
esp32-01,46.77,2026-08-21T14:15:38-04:00,synthetic
esp32-01,35.66,2026-08-21T14:35:38-04:00,synthetic
esp32-01,27.02,2026-08-21T14:55:38-04:00,synthetic
esp32-01,20.85,2026-08-21T15:15:38-04:00,synthetic
esp32-01,17.14,2026-08-21T15:35:38-04:00,synthetic
esp32-01,15.91,2026-08-21T15:55:38-04:00,synthetic
esp32-01,150.83,2026-08-21T19:08:03-04:00,synthetic
esp32-01,123.32,2026-08-21T19:28:03-04:00,synthetic
esp32-01,99.05,2026-08-21T19:48:03-04:00,synthetic
esp32-01,78.02,2026-08-21T20:08:03-04:00,synthetic
esp32-01,60.22,2026-08-21T20:28:03-04:00,synthetic
esp32-01,45.66,2026-08-21T20:48:03-04:00,synthetic
esp32-01,34.33,2026-08-21T21:08:03-04:00,synthetic
esp32-01,26.24,2026-08-21T21:28:03-04:00,synthetic
esp32-01,21.39,2026-08-21T21:48:03-04:00,synthetic
esp32-01,19.77,2026-08-21T22:08:03-04:00,synthetic
esp32-01,122.28,2026-08-22T07:06:32-04:00,synthetic
esp32-01,112.72,2026-08-22T07:26:32-04:00,synthetic
esp32-01,104.28,2026-08-22T07:46:32-04:00,synthetic
esp32-01,96.96,2026-08-22T08:06:32-04:00,synthetic
esp32-01,90.77,2026-08-22T08:26:32-04:00,synthetic
esp32-01,85.71,2026-08-22T08:46:32-04:00,synthetic
esp32-01,81.77,2026-08-22T09:06:32-04:00,synthetic
esp32-01,78.96,2026-08-22T09:26:32-04:00,synthetic
esp32-01,77.27,2026-08-22T09:46:32-04:00,synthetic
esp32-01,76.71,2026-08-22T10:06:32-04:00,synthetic
esp32-01,176.09,2026-08-22T12:22:45-04:00,synthetic
esp32-01,170.43,2026-08-22T12:42:45-04:00,synthetic
esp32-01,165.44,2026-08-22T13:02:45-04:00,synthetic
esp32-01,161.11,2026-08-22T13:22:45-04:00,synthetic
esp32-01,157.45,2026-08-22T13:42:45-04:00,synthetic
esp32-01,154.46,2026-08-22T14:02:45-04:00,synthetic
esp32-01,152.13,2026-08-22T14:22:45-04:00,synthetic
esp32-01,150.46,2026-08-22T14:42:45-04:00,synthetic
esp32-01,149.46,2026-08-22T15:02:45-04:00,synthetic
esp32-01,149.13,2026-08-22T15:22:45-04:00,synthetic
esp32-01,290.29,2026-08-22T19:03:56-04:00,synthetic
esp32-01,280.72,2026-08-22T19:23:56-04:00,synthetic
esp32-01,272.27,2026-08-22T19:43:56-04:00,synthetic
esp32-01,264.95,2026-08-22T20:03:56-04:00,synthetic
esp32-01,258.75,2026-08-22T20:23:56-04:00,synthetic
esp32-01,253.68,2026-08-22T20:43:56-04:00,synthetic
esp32-01,249.74,2026-08-22T21:03:56-04:00,synthetic
esp32-01,246.92,2026-08-22T21:23:56-04:00,synthetic
esp32-01,245.23,2026-08-22T21:43:56-04:00,synthetic
esp32-01,244.67,2026-08-22T22:03:56-04:00,synthetic
esp32-01,126.74,2026-08-23T07:02:13-04:00,synthetic
esp32-01,101.75,2026-08-23T07:22:13-04:00,synthetic
esp32-01,79.70,2026-08-23T07:42:13-04:00,synthetic
esp32-01,60.60,2026-08-23T08:02:13-04:00,synthetic
esp32-01,44.43,2026-08-23T08:22:13-04:00,synthetic
esp32-01,31.20,2026-08-23T08:42:13-04:00,synthetic
esp32-01,20.91,2026-08-23T09:02:13-04:00,synthetic
esp32-01,13.56,2026-08-23T09:22:13-04:00,synthetic
esp32-01,9.15,2026-08-23T09:42:13-04:00,synthetic
esp32-01,7.68,2026-08-23T10:02:13-04:00,synthetic
esp32-01,111.44,2026-08-23T12:35:44-04:00,synthetic
esp32-01,91.22,2026-08-23T12:55:44-04:00,synthetic
esp32-01,73.38,2026-08-23T13:15:44-04:00,synthetic
esp32-01,57.92,2026-08-23T13:35:44-04:00,synthetic
esp32-01,44.84,2026-08-23T13:55:44-04:00,synthetic
esp32-01,34.14,2026-08-23T14:15:44-04:00,synthetic
esp32-01,25.81,2026-08-23T14:35:44-04:00,synthetic
esp32-01,19.87,2026-08-23T14:55:44-04:00,synthetic
esp32-01,16.30,2026-08-23T15:15:44-04:00,synthetic
esp32-01,15.11,2026-08-23T15:35:44-04:00,synthetic
esp32-01,158.52,2026-08-23T18:47:59-04:00,synthetic
esp32-01,128.64,2026-08-23T19:07:59-04:00,synthetic
esp32-01,102.28,2026-08-23T19:27:59-04:00,synthetic
esp32-01,79.44,2026-08-23T19:47:59-04:00,synthetic
esp32-01,60.11,2026-08-23T20:07:59-04:00,synthetic
esp32-01,44.29,2026-08-23T20:27:59-04:00,synthetic
esp32-01,31.99,2026-08-23T20:47:59-04:00,synthetic
esp32-01,23.20,2026-08-23T21:07:59-04:00,synthetic
esp32-01,17.93,2026-08-23T21:27:59-04:00,synthetic
esp32-01,16.17,2026-08-23T21:47:59-04:00,synthetic
esp32-01,131.29,2026-08-24T07:01:36-04:00,synthetic
esp32-01,105.72,2026-08-24T07:21:36-04:00,synthetic
esp32-01,83.16,2026-08-24T07:41:36-04:00,synthetic
esp32-01,63.60,2026-08-24T08:01:36-04:00,synthetic
esp32-01,47.05,2026-08-24T08:21:36-04:00,synthetic
esp32-01,33.52,2026-08-24T08:41:36-04:00,synthetic
esp32-01,22.99,2026-08-24T09:01:36-04:00,synthetic
esp32-01,15.47,2026-08-24T09:21:36-04:00,synthetic
esp32-01,10.95,2026-08-24T09:41:36-04:00,synthetic
esp32-01,9.45,2026-08-24T10:01:36-04:00,synthetic
esp32-01,108.72,2026-08-24T12:27:45-04:00,synthetic
esp32-01,89.35,2026-08-24T12:47:45-04:00,synthetic
esp32-01,72.26,2026-08-24T13:07:45-04:00,synthetic
esp32-01,57.44,2026-08-24T13:27:45-04:00,synthetic
esp32-01,44.91,2026-08-24T13:47:45-04:00,synthetic
esp32-01,34.65,2026-08-24T14:07:45-04:00,synthetic
esp32-01,26.68,2026-08-24T14:27:45-04:00,synthetic
esp32-01,20.98,2026-08-24T14:47:45-04:00,synthetic
esp32-01,17.56,2026-08-24T15:07:45-04:00,synthetic
esp32-01,16.42,2026-08-24T15:27:45-04:00,synthetic
esp32-01,160.88,2026-08-24T18:59:42-04:00,synthetic
esp32-01,133.30,2026-08-24T19:19:42-04:00,synthetic
esp32-01,108.96,2026-08-24T19:39:42-04:00,synthetic
esp32-01,87.87,2026-08-24T19:59:42-04:00,synthetic
esp32-01,70.02,2026-08-24T20:19:42-04:00,synthetic
esp32-01,55.42,2026-08-24T20:39:42-04:00,synthetic
esp32-01,44.06,2026-08-24T20:59:42-04:00,synthetic
esp32-01,35.95,2026-08-24T21:19:42-04:00,synthetic
esp32-01,31.08,2026-08-24T21:39:42-04:00,synthetic
esp32-01,29.46,2026-08-24T21:59:42-04:00,synthetic
esp32-01,124.11,2026-08-25T06:53:24-04:00,synthetic
esp32-01,100.77,2026-08-25T07:13:24-04:00,synthetic
esp32-01,80.18,2026-08-25T07:33:24-04:00,synthetic
esp32-01,62.34,2026-08-25T07:53:24-04:00,synthetic
esp32-01,47.24,2026-08-25T08:13:24-04:00,synthetic
esp32-01,34.88,2026-08-25T08:33:24-04:00,synthetic
esp32-01,25.27,2026-08-25T08:53:24-04:00,synthetic
esp32-01,18.41,2026-08-25T09:13:24-04:00,synthetic
esp32-01,14.29,2026-08-25T09:33:24-04:00,synthetic
esp32-01,12.92,2026-08-25T09:53:24-04:00,synthetic
esp32-01,113.14,2026-08-25T12:41:09-04:00,synthetic
esp32-01,92.82,2026-08-25T13:01:09-04:00,synthetic
esp32-01,74.89,2026-08-25T13:21:09-04:00,synthetic
esp32-01,59.35,2026-08-25T13:41:09-04:00,synthetic
esp32-01,46.20,2026-08-25T14:01:09-04:00,synthetic
esp32-01,35.44,2026-08-25T14:21:09-04:00,synthetic
esp32-01,27.08,2026-08-25T14:41:09-04:00,synthetic
esp32-01,21.10,2026-08-25T15:01:09-04:00,synthetic
esp32-01,17.52,2026-08-25T15:21:09-04:00,synthetic
esp32-01,16.32,2026-08-25T15:41:09-04:00,synthetic
esp32-01,151.66,2026-08-25T18:42:39-04:00,synthetic
esp32-01,125.19,2026-08-25T19:02:39-04:00,synthetic
esp32-01,101.83,2026-08-25T19:22:39-04:00,synthetic
esp32-01,81.58,2026-08-25T19:42:39-04:00,synthetic
esp32-01,64.45,2026-08-25T20:02:39-04:00,synthetic
esp32-01,50.44,2026-08-25T20:22:39-04:00,synthetic
esp32-01,39.54,2026-08-25T20:42:39-04:00,synthetic
esp32-01,31.75,2026-08-25T21:02:39-04:00,synthetic
esp32-01,27.08,2026-08-25T21:22:39-04:00,synthetic
esp32-01,25.52,2026-08-25T21:42:39-04:00,synthetic
esp32-01,118.47,2026-08-26T07:03:15-04:00,synthetic
esp32-01,96.51,2026-08-26T07:23:15-04:00,synthetic
esp32-01,77.14,2026-08-26T07:43:15-04:00,synthetic
esp32-01,60.35,2026-08-26T08:03:15-04:00,synthetic
esp32-01,46.15,2026-08-26T08:23:15-04:00,synthetic
esp32-01,34.52,2026-08-26T08:43:15-04:00,synthetic
esp32-01,25.48,2026-08-26T09:03:15-04:00,synthetic
esp32-01,19.03,2026-08-26T09:23:15-04:00,synthetic
esp32-01,15.15,2026-08-26T09:43:15-04:00,synthetic
esp32-01,13.86,2026-08-26T10:03:15-04:00,synthetic
esp32-01,115.47,2026-08-26T12:32:23-04:00,synthetic
esp32-01,95.41,2026-08-26T12:52:23-04:00,synthetic
esp32-01,77.72,2026-08-26T13:12:23-04:00,synthetic
esp32-01,62.38,2026-08-26T13:32:23-04:00,synthetic
esp32-01,49.40,2026-08-26T13:52:23-04:00,synthetic
esp32-01,38.79,2026-08-26T14:12:23-04:00,synthetic
esp32-01,30.53,2026-08-26T14:32:23-04:00,synthetic
esp32-01,24.63,2026-08-26T14:52:23-04:00,synthetic
esp32-01,21.09,2026-08-26T15:12:23-04:00,synthetic
esp32-01,19.91,2026-08-26T15:32:23-04:00,synthetic
esp32-01,159.66,2026-08-26T19:10:19-04:00,synthetic
esp32-01,132.58,2026-08-26T19:30:19-04:00,synthetic
esp32-01,108.68,2026-08-26T19:50:19-04:00,synthetic
esp32-01,87.97,2026-08-26T20:10:19-04:00,synthetic
esp32-01,70.44,2026-08-26T20:30:19-04:00,synthetic
esp32-01,56.10,2026-08-26T20:50:19-04:00,synthetic
esp32-01,44.95,2026-08-26T21:10:19-04:00,synthetic
esp32-01,36.98,2026-08-26T21:30:19-04:00,synthetic
esp32-01,32.20,2026-08-26T21:50:19-04:00,synthetic
esp32-01,30.61,2026-08-26T22:10:19-04:00,synthetic
esp32-01,125.21,2026-08-27T07:00:37-04:00,synthetic
esp32-01,99.59,2026-08-27T07:20:37-04:00,synthetic
esp32-01,76.98,2026-08-27T07:40:37-04:00,synthetic
esp32-01,57.39,2026-08-27T08:00:37-04:00,synthetic
esp32-01,40.81,2026-08-27T08:20:37-04:00,synthetic
esp32-01,27.24,2026-08-27T08:40:37-04:00,synthetic
esp32-01,16.69,2026-08-27T09:00:37-04:00,synthetic
esp32-01,9.16,2026-08-27T09:20:37-04:00,synthetic
esp32-01,4.64,2026-08-27T09:40:37-04:00,synthetic
esp32-01,3.13,2026-08-27T10:00:37-04:00,synthetic
esp32-01,109.72,2026-08-27T12:30:46-04:00,synthetic
esp32-01,89.06,2026-08-27T12:50:46-04:00,synthetic
esp32-01,70.83,2026-08-27T13:10:46-04:00,synthetic
esp32-01,55.03,2026-08-27T13:30:46-04:00,synthetic
esp32-01,41.66,2026-08-27T13:50:46-04:00,synthetic
esp32-01,30.72,2026-08-27T14:10:46-04:00,synthetic
esp32-01,22.22,2026-08-27T14:30:46-04:00,synthetic
esp32-01,16.14,2026-08-27T14:50:46-04:00,synthetic
esp32-01,12.50,2026-08-27T15:10:46-04:00,synthetic
esp32-01,11.28,2026-08-27T15:30:46-04:00,synthetic
esp32-01,144.85,2026-08-27T18:48:34-04:00,synthetic
esp32-01,117.26,2026-08-27T19:08:34-04:00,synthetic
esp32-01,92.92,2026-08-27T19:28:34-04:00,synthetic
esp32-01,71.82,2026-08-27T19:48:34-04:00,synthetic
esp32-01,53.96,2026-08-27T20:08:34-04:00,synthetic
esp32-01,39.36,2026-08-27T20:28:34-04:00,synthetic
esp32-01,28.00,2026-08-27T20:48:34-04:00,synthetic
esp32-01,19.88,2026-08-27T21:08:34-04:00,synthetic
esp32-01,15.01,2026-08-27T21:28:34-04:00,synthetic
esp32-01,13.39,2026-08-27T21:48:34-04:00,synthetic
esp32-01,121.77,2026-08-28T06:58:16-04:00,synthetic
esp32-01,97.71,2026-08-28T07:18:16-04:00,synthetic
esp32-01,76.48,2026-08-28T07:38:16-04:00,synthetic
esp32-01,58.08,2026-08-28T07:58:16-04:00,synthetic
esp32-01,42.51,2026-08-28T08:18:16-04:00,synthetic
esp32-01,29.77,2026-08-28T08:38:16-04:00,synthetic
esp32-01,19.86,2026-08-28T08:58:16-04:00,synthetic
esp32-01,12.78,2026-08-28T09:18:16-04:00,synthetic
esp32-01,8.54,2026-08-28T09:38:16-04:00,synthetic
esp32-01,7.12,2026-08-28T09:58:16-04:00,synthetic
esp32-01,105.39,2026-08-28T13:07:39-04:00,synthetic
esp32-01,105.39,2026-08-28T13:27:39-04:00,synthetic
esp32-01,105.39,2026-08-28T13:47:39-04:00,synthetic
esp32-01,105.39,2026-08-28T14:07:39-04:00,synthetic
esp32-01,105.39,2026-08-28T14:27:39-04:00,synthetic
esp32-01,105.39,2026-08-28T14:47:39-04:00,synthetic
esp32-01,105.39,2026-08-28T15:07:39-04:00,synthetic
esp32-01,105.39,2026-08-28T15:27:39-04:00,synthetic
esp32-01,105.39,2026-08-28T15:47:39-04:00,synthetic
esp32-01,105.39,2026-08-28T16:07:39-04:00,synthetic
esp32-01,246.59,2026-08-28T18:58:13-04:00,synthetic
esp32-01,219.22,2026-08-28T19:18:13-04:00,synthetic
esp32-01,195.07,2026-08-28T19:38:13-04:00,synthetic
esp32-01,174.13,2026-08-28T19:58:13-04:00,synthetic
esp32-01,156.42,2026-08-28T20:18:13-04:00,synthetic
esp32-01,141.93,2026-08-28T20:38:13-04:00,synthetic
esp32-01,130.66,2026-08-28T20:58:13-04:00,synthetic
esp32-01,122.61,2026-08-28T21:18:13-04:00,synthetic
esp32-01,117.78,2026-08-28T21:38:13-04:00,synthetic
esp32-01,116.17,2026-08-28T21:58:13-04:00,synthetic
esp32-01,127.09,2026-08-29T06:47:49-04:00,synthetic
esp32-01,102.56,2026-08-29T07:07:49-04:00,synthetic
esp32-01,80.92,2026-08-29T07:27:49-04:00,synthetic
esp32-01,62.17,2026-08-29T07:47:49-04:00,synthetic
esp32-01,46.30,2026-08-29T08:07:49-04:00,synthetic
esp32-01,33.31,2026-08-29T08:27:49-04:00,synthetic
esp32-01,23.21,2026-08-29T08:47:49-04:00,synthetic
esp32-01,16.00,2026-08-29T09:07:49-04:00,synthetic
esp32-01,11.67,2026-08-29T09:27:49-04:00,synthetic
esp32-01,10.23,2026-08-29T09:47:49-04:00,synthetic
esp32-01,106.89,2026-08-29T12:25:54-04:00,synthetic
esp32-01,87.03,2026-08-29T12:45:54-04:00,synthetic
esp32-01,69.50,2026-08-29T13:05:54-04:00,synthetic
esp32-01,54.31,2026-08-29T13:25:54-04:00,synthetic
esp32-01,41.45,2026-08-29T13:45:54-04:00,synthetic
esp32-01,30.94,2026-08-29T14:05:54-04:00,synthetic
esp32-01,22.76,2026-08-29T14:25:54-04:00,synthetic
esp32-01,16.91,2026-08-29T14:45:54-04:00,synthetic
esp32-01,13.41,2026-08-29T15:05:54-04:00,synthetic
esp32-01,12.24,2026-08-29T15:25:54-04:00,synthetic
esp32-01,152.41,2026-08-29T19:10:22-04:00,synthetic
esp32-01,125.64,2026-08-29T19:30:22-04:00,synthetic
esp32-01,102.02,2026-08-29T19:50:22-04:00,synthetic
esp32-01,81.54,2026-08-29T20:10:22-04:00,synthetic
esp32-01,64.22,2026-08-29T20:30:22-04:00,synthetic
esp32-01,50.05,2026-08-29T20:50:22-04:00,synthetic
esp32-01,39.02,2026-08-29T21:10:22-04:00,synthetic
esp32-01,31.15,2026-08-29T21:30:22-04:00,synthetic
esp32-01,26.42,2026-08-29T21:50:22-04:00,synthetic
esp32-01,24.85,2026-08-29T22:10:22-04:00,synthetic
esp32-01,123.28,2026-08-30T07:02:17-04:00,synthetic
esp32-01,99.98,2026-08-30T07:22:17-04:00,synthetic
esp32-01,79.43,2026-08-30T07:42:17-04:00,synthetic
esp32-01,61.61,2026-08-30T08:02:17-04:00,synthetic
esp32-01,46.54,2026-08-30T08:22:17-04:00,synthetic
esp32-01,34.21,2026-08-30T08:42:17-04:00,synthetic
esp32-01,24.61,2026-08-30T09:02:17-04:00,synthetic
esp32-01,17.76,2026-08-30T09:22:17-04:00,synthetic
esp32-01,13.65,2026-08-30T09:42:17-04:00,synthetic
esp32-01,12.28,2026-08-30T10:02:17-04:00,synthetic
esp32-01,112.09,2026-08-30T12:34:47-04:00,synthetic
esp32-01,92.91,2026-08-30T12:54:47-04:00,synthetic
esp32-01,75.98,2026-08-30T13:14:47-04:00,synthetic
esp32-01,61.31,2026-08-30T13:34:47-04:00,synthetic
esp32-01,48.90,2026-08-30T13:54:47-04:00,synthetic
esp32-01,38.74,2026-08-30T14:14:47-04:00,synthetic
esp32-01,30.85,2026-08-30T14:34:47-04:00,synthetic
esp32-01,25.20,2026-08-30T14:54:47-04:00,synthetic
esp32-01,21.82,2026-08-30T15:14:47-04:00,synthetic
esp32-01,20.69,2026-08-30T15:34:47-04:00,synthetic
esp32-01,160.71,2026-08-30T18:53:44-04:00,synthetic
esp32-01,132.25,2026-08-30T19:13:44-04:00,synthetic
esp32-01,107.14,2026-08-30T19:33:44-04:00,synthetic
esp32-01,85.38,2026-08-30T19:53:44-04:00,synthetic
esp32-01,66.97,2026-08-30T20:13:44-04:00,synthetic
esp32-01,51.90,2026-08-30T20:33:44-04:00,synthetic
esp32-01,40.19,2026-08-30T20:53:44-04:00,synthetic
esp32-01,31.82,2026-08-30T21:13:44-04:00,synthetic
esp32-01,26.79,2026-08-30T21:33:44-04:00,synthetic
esp32-01,25.12,2026-08-30T21:53:44-04:00,synthetic
esp32-01,126.82,2026-08-31T07:00:26-04:00,synthetic
esp32-01,103.75,2026-08-31T07:20:26-04:00,synthetic
esp32-01,83.39,2026-08-31T07:40:26-04:00,synthetic
esp32-01,65.75,2026-08-31T08:00:26-04:00,synthetic
esp32-01,50.82,2026-08-31T08:20:26-04:00,synthetic
esp32-01,38.60,2026-08-31T08:40:26-04:00,synthetic
esp32-01,29.10,2026-08-31T09:00:26-04:00,synthetic
esp32-01,22.32,2026-08-31T09:20:26-04:00,synthetic
esp32-01,18.25,2026-08-31T09:40:26-04:00,synthetic
esp32-01,16.89,2026-08-31T10:00:26-04:00,synthetic
esp32-01,117.65,2026-08-31T12:55:10-04:00,synthetic
esp32-01,96.83,2026-08-31T13:15:10-04:00,synthetic
esp32-01,78.46,2026-08-31T13:35:10-04:00,synthetic
esp32-01,62.54,2026-08-31T13:55:10-04:00,synthetic
esp32-01,49.07,2026-08-31T14:15:10-04:00,synthetic
esp32-01,38.05,2026-08-31T14:35:10-04:00,synthetic
esp32-01,29.48,2026-08-31T14:55:10-04:00,synthetic
esp32-01,23.36,2026-08-31T15:15:10-04:00,synthetic
esp32-01,19.68,2026-08-31T15:35:10-04:00,synthetic
esp32-01,18.46,2026-08-31T15:55:10-04:00,synthetic
esp32-01,151.44,2026-08-31T18:59:19-04:00,synthetic
esp32-01,124.13,2026-08-31T19:19:19-04:00,synthetic
esp32-01,100.03,2026-08-31T19:39:19-04:00,synthetic
esp32-01,79.15,2026-08-31T19:59:19-04:00,synthetic
esp32-01,61.48,2026-08-31T20:19:19-04:00,synthetic
esp32-01,47.02,2026-08-31T20:39:19-04:00,synthetic
esp32-01,35.78,2026-08-31T20:59:19-04:00,synthetic
esp32-01,27.75,2026-08-31T21:19:19-04:00,synthetic
esp32-01,22.93,2026-08-31T21:39:19-04:00,synthetic
esp32-01,21.32,2026-08-31T21:59:19-04:00,synthetic
esp32-01,126.63,2026-09-01T07:20:04-04:00,synthetic
esp32-01,101.61,2026-09-01T07:40:04-04:00,synthetic
esp32-01,79.54,2026-09-01T08:00:04-04:00,synthetic
esp32-01,60.41,2026-09-01T08:20:04-04:00,synthetic
esp32-01,44.22,2026-09-01T08:40:04-04:00,synthetic
esp32-01,30.98,2026-09-01T09:00:04-04:00,synthetic
esp32-01,20.67,2026-09-01T09:20:04-04:00,synthetic
esp32-01,13.32,2026-09-01T09:40:04-04:00,synthetic
esp32-01,8.90,2026-09-01T10:00:04-04:00,synthetic
esp32-01,7.43,2026-09-01T10:20:04-04:00,synthetic
esp32-01,108.52,2026-09-01T12:30:59-04:00,synthetic
esp32-01,87.52,2026-09-01T12:50:59-04:00,synthetic
esp32-01,68.99,2026-09-01T13:10:59-04:00,synthetic
esp32-01,52.93,2026-09-01T13:30:59-04:00,synthetic
esp32-01,39.34,2026-09-01T13:50:59-04:00,synthetic
esp32-01,28.22,2026-09-01T14:10:59-04:00,synthetic
esp32-01,19.58,2026-09-01T14:30:59-04:00,synthetic
esp32-01,13.40,2026-09-01T14:50:59-04:00,synthetic
esp32-01,9.70,2026-09-01T15:10:59-04:00,synthetic
esp32-01,8.46,2026-09-01T15:30:59-04:00,synthetic
esp32-01,152.35,2026-09-01T19:18:53-04:00,synthetic
esp32-01,124.83,2026-09-01T19:38:53-04:00,synthetic
esp32-01,100.55,2026-09-01T19:58:53-04:00,synthetic
esp32-01,79.50,2026-09-01T20:18:53-04:00,synthetic
esp32-01,61.69,2026-09-01T20:38:53-04:00,synthetic
esp32-01,47.12,2026-09-01T20:58:53-04:00,synthetic
esp32-01,35.79,2026-09-01T21:18:53-04:00,synthetic
esp32-01,27.70,2026-09-01T21:38:53-04:00,synthetic
esp32-01,22.84,2026-09-01T21:58:53-04:00,synthetic
esp32-01,21.22,2026-09-01T22:18:53-04:00,synthetic
esp32-01,124.26,2026-09-02T06:46:28-04:00,synthetic
esp32-01,100.72,2026-09-02T07:06:28-04:00,synthetic
esp32-01,79.94,2026-09-02T07:26:28-04:00,synthetic
esp32-01,61.94,2026-09-02T07:46:28-04:00,synthetic
esp32-01,46.70,2026-09-02T08:06:28-04:00,synthetic
esp32-01,34.24,2026-09-02T08:26:28-04:00,synthetic
esp32-01,24.54,2026-09-02T08:46:28-04:00,synthetic
esp32-01,17.62,2026-09-02T09:06:28-04:00,synthetic
esp32-01,13.46,2026-09-02T09:26:28-04:00,synthetic
esp32-01,12.08,2026-09-02T09:46:28-04:00,synthetic
esp32-01,110.67,2026-09-02T12:30:12-04:00,synthetic
esp32-01,91.11,2026-09-02T12:50:12-04:00,synthetic
esp32-01,73.85,2026-09-02T13:10:12-04:00,synthetic
esp32-01,58.89,2026-09-02T13:30:12-04:00,synthetic
esp32-01,46.24,2026-09-02T13:50:12-04:00,synthetic
esp32-01,35.88,2026-09-02T14:10:12-04:00,synthetic
esp32-01,27.83,2026-09-02T14:30:12-04:00,synthetic
esp32-01,22.07,2026-09-02T14:50:12-04:00,synthetic
esp32-01,18.62,2026-09-02T15:10:12-04:00,synthetic
esp32-01,17.47,2026-09-02T15:30:12-04:00,synthetic
esp32-01,166.60,2026-09-02T18:58:11-04:00,synthetic
esp32-01,137.97,2026-09-02T19:18:11-04:00,synthetic
esp32-01,112.70,2026-09-02T19:38:11-04:00,synthetic
esp32-01,90.81,2026-09-02T19:58:11-04:00,synthetic
esp32-01,72.28,2026-09-02T20:18:11-04:00,synthetic
esp32-01,57.12,2026-09-02T20:38:11-04:00,synthetic
esp32-01,45.33,2026-09-02T20:58:11-04:00,synthetic
esp32-01,36.91,2026-09-02T21:18:11-04:00,synthetic
esp32-01,31.85,2026-09-02T21:38:11-04:00,synthetic
esp32-01,30.17,2026-09-02T21:58:11-04:00,synthetic
esp32-01,135.71,2026-09-03T06:58:25-04:00,synthetic
esp32-01,112.00,2026-09-03T07:18:25-04:00,synthetic
esp32-01,91.09,2026-09-03T07:38:25-04:00,synthetic
esp32-01,72.96,2026-09-03T07:58:25-04:00,synthetic
esp32-01,57.62,2026-09-03T08:18:25-04:00,synthetic
esp32-01,45.07,2026-09-03T08:38:25-04:00,synthetic
esp32-01,35.31,2026-09-03T08:58:25-04:00,synthetic
esp32-01,28.34,2026-09-03T09:18:25-04:00,synthetic
esp32-01,24.15,2026-09-03T09:38:25-04:00,synthetic
esp32-01,22.76,2026-09-03T09:58:25-04:00,synthetic
esp32-01,119.56,2026-09-03T12:34:49-04:00,synthetic
esp32-01,100.60,2026-09-03T12:54:49-04:00,synthetic
esp32-01,83.87,2026-09-03T13:14:49-04:00,synthetic
esp32-01,69.37,2026-09-03T13:34:49-04:00,synthetic
esp32-01,57.10,2026-09-03T13:54:49-04:00,synthetic
esp32-01,47.06,2026-09-03T14:14:49-04:00,synthetic
esp32-01,39.26,2026-09-03T14:34:49-04:00,synthetic
esp32-01,33.68,2026-09-03T14:54:49-04:00,synthetic
esp32-01,30.34,2026-09-03T15:14:49-04:00,synthetic
esp32-01,29.22,2026-09-03T15:34:49-04:00,synthetic
esp32-01,168.22,2026-09-03T19:08:08-04:00,synthetic
esp32-01,139.83,2026-09-03T19:28:08-04:00,synthetic
esp32-01,114.78,2026-09-03T19:48:08-04:00,synthetic
esp32-01,93.07,2026-09-03T20:08:08-04:00,synthetic
esp32-01,74.70,2026-09-03T20:28:08-04:00,synthetic
esp32-01,59.67,2026-09-03T20:48:08-04:00,synthetic
esp32-01,47.98,2026-09-03T21:08:08-04:00,synthetic
esp32-01,39.63,2026-09-03T21:28:08-04:00,synthetic
esp32-01,34.62,2026-09-03T21:48:08-04:00,synthetic
esp32-01,32.95,2026-09-03T22:08:08-04:00,synthetic
esp32-01,124.09,2026-09-04T06:53:15-04:00,synthetic
esp32-01,100.23,2026-09-04T07:13:15-04:00,synthetic
esp32-01,79.18,2026-09-04T07:33:15-04:00,synthetic
esp32-01,60.93,2026-09-04T07:53:15-04:00,synthetic
esp32-01,45.50,2026-09-04T08:13:15-04:00,synthetic
esp32-01,32.87,2026-09-04T08:33:15-04:00,synthetic
esp32-01,23.04,2026-09-04T08:53:15-04:00,synthetic
esp32-01,16.02,2026-09-04T09:13:15-04:00,synthetic
esp32-01,11.81,2026-09-04T09:33:15-04:00,synthetic
esp32-01,10.41,2026-09-04T09:53:15-04:00,synthetic
esp32-01,114.45,2026-09-04T12:38:30-04:00,synthetic
esp32-01,94.30,2026-09-04T12:58:30-04:00,synthetic
esp32-01,76.52,2026-09-04T13:18:30-04:00,synthetic
esp32-01,61.11,2026-09-04T13:38:30-04:00,synthetic
esp32-01,48.07,2026-09-04T13:58:30-04:00,synthetic
esp32-01,37.40,2026-09-04T14:18:30-04:00,synthetic
esp32-01,29.11,2026-09-04T14:38:30-04:00,synthetic
esp32-01,23.18,2026-09-04T14:58:30-04:00,synthetic
esp32-01,19.63,2026-09-04T15:18:30-04:00,synthetic
esp32-01,18.44,2026-09-04T15:38:30-04:00,synthetic
esp32-01,156.53,2026-09-04T19:17:31-04:00,synthetic
esp32-01,128.86,2026-09-04T19:37:31-04:00,synthetic
esp32-01,104.45,2026-09-04T19:57:31-04:00,synthetic
esp32-01,83.30,2026-09-04T20:17:31-04:00,synthetic
esp32-01,65.40,2026-09-04T20:37:31-04:00,synthetic
esp32-01,50.75,2026-09-04T20:57:31-04:00,synthetic
esp32-01,39.36,2026-09-04T21:17:31-04:00,synthetic
esp32-01,31.22,2026-09-04T21:37:31-04:00,synthetic
esp32-01,26.34,2026-09-04T21:57:31-04:00,synthetic
esp32-01,24.71,2026-09-04T22:17:31-04:00,synthetic
esp32-01,121.99,2026-09-05T06:46:45-04:00,synthetic
esp32-01,97.67,2026-09-05T07:06:45-04:00,synthetic
esp32-01,76.20,2026-09-05T07:26:45-04:00,synthetic
esp32-01,57.60,2026-09-05T07:46:45-04:00,synthetic
esp32-01,41.86,2026-09-05T08:06:45-04:00,synthetic
esp32-01,28.98,2026-09-05T08:26:45-04:00,synthetic
esp32-01,18.97,2026-09-05T08:46:45-04:00,synthetic
esp32-01,11.81,2026-09-05T09:06:45-04:00,synthetic
esp32-01,7.52,2026-09-05T09:26:45-04:00,synthetic
esp32-01,6.09,2026-09-05T09:46:45-04:00,synthetic
esp32-01,105.41,2026-09-05T12:42:25-04:00,synthetic
esp32-01,86.07,2026-09-05T13:02:25-04:00,synthetic
esp32-01,69.01,2026-09-05T13:22:25-04:00,synthetic
esp32-01,54.22,2026-09-05T13:42:25-04:00,synthetic
esp32-01,41.71,2026-09-05T14:02:25-04:00,synthetic
esp32-01,31.47,2026-09-05T14:22:25-04:00,synthetic
esp32-01,23.51,2026-09-05T14:42:25-04:00,synthetic
esp32-01,17.82,2026-09-05T15:02:25-04:00,synthetic
esp32-01,14.41,2026-09-05T15:22:25-04:00,synthetic
esp32-01,13.27,2026-09-05T15:42:25-04:00,synthetic
esp32-01,233.23,2026-09-05T18:55:02-04:00,synthetic
esp32-01,188.72,2026-09-05T19:15:02-04:00,synthetic
esp32-01,149.45,2026-09-05T19:35:02-04:00,synthetic
esp32-01,115.41,2026-09-05T19:55:02-04:00,synthetic
esp32-01,86.61,2026-09-05T20:15:02-04:00,synthetic
esp32-01,63.04,2026-09-05T20:35:02-04:00,synthetic
esp32-01,44.71,2026-09-05T20:55:02-04:00,synthetic
esp32-01,31.62,2026-09-05T21:15:02-04:00,synthetic
esp32-01,23.77,2026-09-05T21:35:02-04:00,synthetic
esp32-01,21.15,2026-09-05T21:55:02-04:00,synthetic
esp32-01,125.43,2026-09-06T07:06:01-04:00,synthetic
esp32-01,102.89,2026-09-06T07:26:01-04:00,synthetic
esp32-01,83.01,2026-09-06T07:46:01-04:00,synthetic
esp32-01,65.77,2026-09-06T08:06:01-04:00,synthetic
esp32-01,51.19,2026-09-06T08:26:01-04:00,synthetic
esp32-01,39.26,2026-09-06T08:46:01-04:00,synthetic
esp32-01,29.98,2026-09-06T09:06:01-04:00,synthetic
esp32-01,23.35,2026-09-06T09:26:01-04:00,synthetic
esp32-01,19.38,2026-09-06T09:46:01-04:00,synthetic
esp32-01,18.05,2026-09-06T10:06:01-04:00,synthetic
esp32-01,116.22,2026-09-06T12:47:45-04:00,synthetic
esp32-01,96.77,2026-09-06T13:07:45-04:00,synthetic
esp32-01,79.61,2026-09-06T13:27:45-04:00,synthetic
esp32-01,64.73,2026-09-06T13:47:45-04:00,synthetic
esp32-01,52.14,2026-09-06T14:07:45-04:00,synthetic
esp32-01,41.85,2026-09-06T14:27:45-04:00,synthetic
esp32-01,33.84,2026-09-06T14:47:45-04:00,synthetic
esp32-01,28.12,2026-09-06T15:07:45-04:00,synthetic
esp32-01,24.68,2026-09-06T15:27:45-04:00,synthetic
esp32-01,23.54,2026-09-06T15:47:45-04:00,synthetic
esp32-01,157.76,2026-09-06T18:58:38-04:00,synthetic
esp32-01,130.63,2026-09-06T19:18:38-04:00,synthetic
esp32-01,106.69,2026-09-06T19:38:38-04:00,synthetic
esp32-01,85.95,2026-09-06T19:58:38-04:00,synthetic
esp32-01,68.40,2026-09-06T20:18:38-04:00,synthetic
esp32-01,54.03,2026-09-06T20:38:38-04:00,synthetic
esp32-01,42.86,2026-09-06T20:58:38-04:00,synthetic
esp32-01,34.88,2026-09-06T21:18:38-04:00,synthetic
esp32-01,30.10,2026-09-06T21:38:38-04:00,synthetic
esp32-01,28.50,2026-09-06T21:58:38-04:00,synthetic
esp32-01,125.08,2026-09-07T06:37:38-04:00,synthetic
esp32-01,100.77,2026-09-07T06:57:38-04:00,synthetic
esp32-01,79.32,2026-09-07T07:17:38-04:00,synthetic
esp32-01,60.73,2026-09-07T07:37:38-04:00,synthetic
esp32-01,45.00,2026-09-07T07:57:38-04:00,synthetic
esp32-01,32.13,2026-09-07T08:17:38-04:00,synthetic
esp32-01,22.12,2026-09-07T08:37:38-04:00,synthetic
esp32-01,14.97,2026-09-07T08:57:38-04:00,synthetic
esp32-01,10.68,2026-09-07T09:17:38-04:00,synthetic
esp32-01,9.25,2026-09-07T09:37:38-04:00,synthetic
esp32-01,105.90,2026-09-07T12:35:51-04:00,synthetic
esp32-01,86.55,2026-09-07T12:55:51-04:00,synthetic
esp32-01,69.48,2026-09-07T13:15:51-04:00,synthetic
esp32-01,54.69,2026-09-07T13:35:51-04:00,synthetic
esp32-01,42.17,2026-09-07T13:55:51-04:00,synthetic
esp32-01,31.93,2026-09-07T14:15:51-04:00,synthetic
esp32-01,23.96,2026-09-07T14:35:51-04:00,synthetic
esp32-01,18.27,2026-09-07T14:55:51-04:00,synthetic
esp32-01,14.86,2026-09-07T15:15:51-04:00,synthetic
esp32-01,13.72,2026-09-07T15:35:51-04:00,synthetic
esp32-01,154.49,2026-09-07T19:18:25-04:00,synthetic
esp32-01,126.88,2026-09-07T19:38:25-04:00,synthetic
esp32-01,102.53,2026-09-07T19:58:25-04:00,synthetic
esp32-01,81.42,2026-09-07T20:18:25-04:00,synthetic
esp32-01,63.56,2026-09-07T20:38:25-04:00,synthetic
esp32-01,48.94,2026-09-07T20:58:25-04:00,synthetic
esp32-01,37.57,2026-09-07T21:18:25-04:00,synthetic
esp32-01,29.46,2026-09-07T21:38:25-04:00,synthetic
esp32-01,24.58,2026-09-07T21:58:25-04:00,synthetic
esp32-01,22.96,2026-09-07T22:18:25-04:00,synthetic
esp32-01,130.40,2026-09-08T06:45:41-04:00,synthetic
esp32-01,104.64,2026-09-08T07:05:41-04:00,synthetic
esp32-01,81.92,2026-09-08T07:25:41-04:00,synthetic
esp32-01,62.22,2026-09-08T07:45:41-04:00,synthetic
esp32-01,45.56,2026-09-08T08:05:41-04:00,synthetic
esp32-01,31.92,2026-09-08T08:25:41-04:00,synthetic
esp32-01,21.32,2026-09-08T08:45:41-04:00,synthetic
esp32-01,13.74,2026-09-08T09:05:41-04:00,synthetic
esp32-01,9.20,2026-09-08T09:25:41-04:00,synthetic
esp32-01,7.68,2026-09-08T09:45:41-04:00,synthetic
esp32-01,106.67,2026-09-08T12:31:26-04:00,synthetic
esp32-01,86.86,2026-09-08T12:51:26-04:00,synthetic
esp32-01,69.39,2026-09-08T13:11:26-04:00,synthetic
esp32-01,54.24,2026-09-08T13:31:26-04:00,synthetic
esp32-01,41.43,2026-09-08T13:51:26-04:00,synthetic
esp32-01,30.94,2026-09-08T14:11:26-04:00,synthetic
esp32-01,22.79,2026-09-08T14:31:26-04:00,synthetic
esp32-01,16.96,2026-09-08T14:51:26-04:00,synthetic
esp32-01,13.47,2026-09-08T15:11:26-04:00,synthetic
esp32-01,12.30,2026-09-08T15:31:26-04:00,synthetic
esp32-01,155.18,2026-09-08T18:55:03-04:00,synthetic
esp32-01,127.43,2026-09-08T19:15:03-04:00,synthetic
esp32-01,102.95,2026-09-08T19:35:03-04:00,synthetic
esp32-01,81.74,2026-09-08T19:55:03-04:00,synthetic
esp32-01,63.78,2026-09-08T20:15:03-04:00,synthetic
esp32-01,49.09,2026-09-08T20:35:03-04:00,synthetic
esp32-01,37.67,2026-09-08T20:55:03-04:00,synthetic
esp32-01,29.51,2026-09-08T21:15:03-04:00,synthetic
esp32-01,24.61,2026-09-08T21:35:03-04:00,synthetic
esp32-01,22.98,2026-09-08T21:55:03-04:00,synthetic
esp32-01,127.97,2026-09-09T07:00:38-04:00,synthetic
esp32-01,103.78,2026-09-09T07:20:38-04:00,synthetic
esp32-01,82.43,2026-09-09T07:40:38-04:00,synthetic
esp32-01,63.93,2026-09-09T08:00:38-04:00,synthetic
esp32-01,48.28,2026-09-09T08:20:38-04:00,synthetic
esp32-01,35.47,2026-09-09T08:40:38-04:00,synthetic
esp32-01,25.51,2026-09-09T09:00:38-04:00,synthetic
esp32-01,18.39,2026-09-09T09:20:38-04:00,synthetic
esp32-01,14.12,2026-09-09T09:40:38-04:00,synthetic
esp32-01,12.70,2026-09-09T10:00:38-04:00,synthetic
esp32-01,114.36,2026-09-09T12:17:17-04:00,synthetic
esp32-01,93.74,2026-09-09T12:37:17-04:00,synthetic
esp32-01,75.54,2026-09-09T12:57:17-04:00,synthetic
esp32-01,59.77,2026-09-09T13:17:17-04:00,synthetic
esp32-01,46.42,2026-09-09T13:37:17-04:00,synthetic
esp32-01,35.50,2026-09-09T13:57:17-04:00,synthetic
esp32-01,27.01,2026-09-09T14:17:17-04:00,synthetic
esp32-01,20.94,2026-09-09T14:37:17-04:00,synthetic
esp32-01,17.30,2026-09-09T14:57:17-04:00,synthetic
esp32-01,16.09,2026-09-09T15:17:17-04:00,synthetic
esp32-01,152.90,2026-09-09T18:49:25-04:00,synthetic
esp32-01,126.42,2026-09-09T19:09:25-04:00,synthetic
esp32-01,103.06,2026-09-09T19:29:25-04:00,synthetic
esp32-01,82.81,2026-09-09T19:49:25-04:00,synthetic
esp32-01,65.68,2026-09-09T20:09:25-04:00,synthetic
esp32-01,51.66,2026-09-09T20:29:25-04:00,synthetic
esp32-01,40.76,2026-09-09T20:49:25-04:00,synthetic
esp32-01,32.97,2026-09-09T21:09:25-04:00,synthetic
esp32-01,28.30,2026-09-09T21:29:25-04:00,synthetic
esp32-01,26.74,2026-09-09T21:49:25-04:00,synthetic
esp32-01,126.32,2026-09-10T06:59:37-04:00,synthetic
esp32-01,116.68,2026-09-10T07:19:37-04:00,synthetic
esp32-01,108.17,2026-09-10T07:39:37-04:00,synthetic
esp32-01,100.80,2026-09-10T07:59:37-04:00,synthetic
esp32-01,94.57,2026-09-10T08:19:37-04:00,synthetic
esp32-01,89.46,2026-09-10T08:39:37-04:00,synthetic
esp32-01,85.49,2026-09-10T08:59:37-04:00,synthetic
esp32-01,82.66,2026-09-10T09:19:37-04:00,synthetic
esp32-01,80.96,2026-09-10T09:39:37-04:00,synthetic
esp32-01,80.39,2026-09-10T09:59:37-04:00,synthetic
esp32-01,180.14,2026-09-10T12:44:35-04:00,synthetic
esp32-01,174.17,2026-09-10T13:04:35-04:00,synthetic
esp32-01,168.90,2026-09-10T13:24:35-04:00,synthetic
esp32-01,164.34,2026-09-10T13:44:35-04:00,synthetic
esp32-01,160.48,2026-09-10T14:04:35-04:00,synthetic
esp32-01,157.32,2026-09-10T14:24:35-04:00,synthetic
esp32-01,154.86,2026-09-10T14:44:35-04:00,synthetic
esp32-01,153.10,2026-09-10T15:04:35-04:00,synthetic
esp32-01,152.05,2026-09-10T15:24:35-04:00,synthetic
esp32-01,151.70,2026-09-10T15:44:35-04:00,synthetic
esp32-01,293.85,2026-09-10T18:58:35-04:00,synthetic
esp32-01,285.77,2026-09-10T19:18:35-04:00,synthetic
esp32-01,278.65,2026-09-10T19:38:35-04:00,synthetic
esp32-01,272.47,2026-09-10T19:58:35-04:00,synthetic
esp32-01,267.25,2026-09-10T20:18:35-04:00,synthetic
esp32-01,262.97,2026-09-10T20:38:35-04:00,synthetic
esp32-01,259.65,2026-09-10T20:58:35-04:00,synthetic
esp32-01,257.27,2026-09-10T21:18:35-04:00,synthetic
esp32-01,255.85,2026-09-10T21:38:35-04:00,synthetic
esp32-01,255.37,2026-09-10T21:58:35-04:00,synthetic
esp32-01,120.18,2026-09-11T07:01:51-04:00,synthetic
esp32-01,97.86,2026-09-11T07:21:51-04:00,synthetic
esp32-01,78.17,2026-09-11T07:41:51-04:00,synthetic
esp32-01,61.11,2026-09-11T08:01:51-04:00,synthetic
esp32-01,46.67,2026-09-11T08:21:51-04:00,synthetic
esp32-01,34.85,2026-09-11T08:41:51-04:00,synthetic
esp32-01,25.66,2026-09-11T09:01:51-04:00,synthetic
esp32-01,19.10,2026-09-11T09:21:51-04:00,synthetic
esp32-01,15.16,2026-09-11T09:41:51-04:00,synthetic
esp32-01,13.85,2026-09-11T10:01:51-04:00,synthetic
esp32-01,113.00,2026-09-11T12:30:50-04:00,synthetic
esp32-01,92.39,2026-09-11T12:50:50-04:00,synthetic
esp32-01,74.20,2026-09-11T13:10:50-04:00,synthetic
esp32-01,58.44,2026-09-11T13:30:50-04:00,synthetic
esp32-01,45.11,2026-09-11T13:50:50-04:00,synthetic
esp32-01,34.20,2026-09-11T14:10:50-04:00,synthetic
esp32-01,25.71,2026-09-11T14:30:50-04:00,synthetic
esp32-01,19.65,2026-09-11T14:50:50-04:00,synthetic
esp32-01,16.01,2026-09-11T15:10:50-04:00,synthetic
esp32-01,14.80,2026-09-11T15:30:50-04:00,synthetic
esp32-01,147.82,2026-09-11T19:10:37-04:00,synthetic
esp32-01,122.08,2026-09-11T19:30:37-04:00,synthetic
esp32-01,99.36,2026-09-11T19:50:37-04:00,synthetic
esp32-01,79.68,2026-09-11T20:10:37-04:00,synthetic
esp32-01,63.02,2026-09-11T20:30:37-04:00,synthetic
esp32-01,49.39,2026-09-11T20:50:37-04:00,synthetic
esp32-01,38.79,2026-09-11T21:10:37-04:00,synthetic
esp32-01,31.22,2026-09-11T21:30:37-04:00,synthetic
esp32-01,26.67,2026-09-11T21:50:37-04:00,synthetic
esp32-01,25.16,2026-09-11T22:10:37-04:00,synthetic
esp32-01,120.29,2026-09-12T06:55:42-04:00,synthetic
esp32-01,96.92,2026-09-12T07:15:42-04:00,synthetic
esp32-01,76.30,2026-09-12T07:35:42-04:00,synthetic
esp32-01,58.43,2026-09-12T07:55:42-04:00,synthetic
esp32-01,43.31,2026-09-12T08:15:42-04:00,synthetic
esp32-01,30.94,2026-09-12T08:35:42-04:00,synthetic
esp32-01,21.32,2026-09-12T08:55:42-04:00,synthetic
esp32-01,14.45,2026-09-12T09:15:42-04:00,synthetic
esp32-01,10.32,2026-09-12T09:35:42-04:00,synthetic
esp32-01,8.95,2026-09-12T09:55:42-04:00,synthetic
esp32-01,108.47,2026-09-12T12:19:20-04:00,synthetic
esp32-01,87.70,2026-09-12T12:39:20-04:00,synthetic
esp32-01,69.37,2026-09-12T12:59:20-04:00,synthetic
esp32-01,53.49,2026-09-12T13:19:20-04:00,synthetic
esp32-01,40.05,2026-09-12T13:39:20-04:00,synthetic
esp32-01,29.05,2026-09-12T13:59:20-04:00,synthetic
esp32-01,20.50,2026-09-12T14:19:20-04:00,synthetic
esp32-01,14.39,2026-09-12T14:39:20-04:00,synthetic
esp32-01,10.72,2026-09-12T14:59:20-04:00,synthetic
esp32-01,9.50,2026-09-12T15:19:20-04:00,synthetic
esp32-01,148.34,2026-09-12T19:07:14-04:00,synthetic
esp32-01,120.48,2026-09-12T19:27:14-04:00,synthetic
esp32-01,95.89,2026-09-12T19:47:14-04:00,synthetic
esp32-01,74.58,2026-09-12T20:07:14-04:00,synthetic
esp32-01,56.56,2026-09-12T20:27:14-04:00,synthetic
esp32-01,41.80,2026-09-12T20:47:14-04:00,synthetic
esp32-01,30.33,2026-09-12T21:07:14-04:00,synthetic
esp32-01,22.14,2026-09-12T21:27:14-04:00,synthetic
esp32-01,17.22,2026-09-12T21:47:14-04:00,synthetic
esp32-01,15.58,2026-09-12T22:07:14-04:00,synthetic
esp32-01,128.71,2026-09-13T07:08:46-04:00,synthetic
esp32-01,103.16,2026-09-13T07:28:46-04:00,synthetic
esp32-01,80.62,2026-09-13T07:48:46-04:00,synthetic
esp32-01,61.08,2026-09-13T08:08:46-04:00,synthetic
esp32-01,44.55,2026-09-13T08:28:46-04:00,synthetic
esp32-01,31.03,2026-09-13T08:48:46-04:00,synthetic
esp32-01,20.51,2026-09-13T09:08:46-04:00,synthetic
esp32-01,12.99,2026-09-13T09:28:46-04:00,synthetic
esp32-01,8.48,2026-09-13T09:48:46-04:00,synthetic
esp32-01,6.98,2026-09-13T10:08:46-04:00,synthetic
esp32-01,106.99,2026-09-13T12:21:34-04:00,synthetic
esp32-01,87.70,2026-09-13T12:41:34-04:00,synthetic
esp32-01,70.67,2026-09-13T13:01:34-04:00,synthetic
esp32-01,55.92,2026-09-13T13:21:34-04:00,synthetic
esp32-01,43.43,2026-09-13T13:41:34-04:00,synthetic
esp32-01,33.22,2026-09-13T14:01:34-04:00,synthetic
esp32-01,25.27,2026-09-13T14:21:34-04:00,synthetic
esp32-01,19.60,2026-09-13T14:41:34-04:00,synthetic
esp32-01,16.19,2026-09-13T15:01:34-04:00,synthetic
esp32-01,15.06,2026-09-13T15:21:34-04:00,synthetic
esp32-01,150.41,2026-09-13T18:48:01-04:00,synthetic
esp32-01,123.37,2026-09-13T19:08:01-04:00,synthetic
esp32-01,99.51,2026-09-13T19:28:01-04:00,synthetic
esp32-01,78.83,2026-09-13T19:48:01-04:00,synthetic
esp32-01,61.33,2026-09-13T20:08:01-04:00,synthetic
esp32-01,47.01,2026-09-13T20:28:01-04:00,synthetic
esp32-01,35.88,2026-09-13T20:48:01-04:00,synthetic
esp32-01,27.92,2026-09-13T21:08:01-04:00,synthetic
esp32-01,23.15,2026-09-13T21:28:01-04:00,synthetic
esp32-01,21.56,2026-09-13T21:48:01-04:00,synthetic
esp32-01,124.11,2026-09-14T07:09:30-04:00,synthetic
esp32-01,100.00,2026-09-14T07:29:30-04:00,synthetic
esp32-01,78.72,2026-09-14T07:49:30-04:00,synthetic
esp32-01,60.28,2026-09-14T08:09:30-04:00,synthetic
esp32-01,44.68,2026-09-14T08:29:30-04:00,synthetic
esp32-01,31.91,2026-09-14T08:49:30-04:00,synthetic
esp32-01,21.99,2026-09-14T09:09:30-04:00,synthetic
esp32-01,14.89,2026-09-14T09:29:30-04:00,synthetic
esp32-01,10.64,2026-09-14T09:49:30-04:00,synthetic
esp32-01,9.22,2026-09-14T10:09:30-04:00,synthetic
esp32-01,115.80,2026-09-14T12:21:15-04:00,synthetic
esp32-01,94.92,2026-09-14T12:41:15-04:00,synthetic
esp32-01,76.50,2026-09-14T13:01:15-04:00,synthetic
esp32-01,60.53,2026-09-14T13:21:15-04:00,synthetic
esp32-01,47.02,2026-09-14T13:41:15-04:00,synthetic
esp32-01,35.96,2026-09-14T14:01:15-04:00,synthetic
esp32-01,27.36,2026-09-14T14:21:15-04:00,synthetic
esp32-01,21.22,2026-09-14T14:41:15-04:00,synthetic
esp32-01,17.54,2026-09-14T15:01:15-04:00,synthetic
esp32-01,16.31,2026-09-14T15:21:15-04:00,synthetic
esp32-01,156.39,2026-09-14T18:59:41-04:00,synthetic
esp32-01,127.97,2026-09-14T19:19:41-04:00,synthetic
esp32-01,102.90,2026-09-14T19:39:41-04:00,synthetic
esp32-01,81.17,2026-09-14T19:59:41-04:00,synthetic
esp32-01,62.79,2026-09-14T20:19:41-04:00,synthetic
esp32-01,47.74,2026-09-14T20:39:41-04:00,synthetic
esp32-01,36.04,2026-09-14T20:59:41-04:00,synthetic
esp32-01,27.69,2026-09-14T21:19:41-04:00,synthetic
esp32-01,22.67,2026-09-14T21:39:41-04:00,synthetic
esp32-01,21.00,2026-09-14T21:59:41-04:00,synthetic
esp32-01,129.00,2026-09-15T07:01:21-04:00,synthetic
esp32-01,105.78,2026-09-15T07:21:21-04:00,synthetic
esp32-01,85.28,2026-09-15T07:41:21-04:00,synthetic
esp32-01,67.52,2026-09-15T08:01:21-04:00,synthetic
esp32-01,52.49,2026-09-15T08:21:21-04:00,synthetic
esp32-01,40.20,2026-09-15T08:41:21-04:00,synthetic
esp32-01,30.64,2026-09-15T09:01:21-04:00,synthetic
esp32-01,23.80,2026-09-15T09:21:21-04:00,synthetic
esp32-01,19.71,2026-09-15T09:41:21-04:00,synthetic
esp32-01,18.34,2026-09-15T10:01:21-04:00,synthetic
esp32-01,112.98,2026-09-15T12:31:28-04:00,synthetic
esp32-01,94.17,2026-09-15T12:51:28-04:00,synthetic
esp32-01,77.57,2026-09-15T13:11:28-04:00,synthetic
esp32-01,63.18,2026-09-15T13:31:28-04:00,synthetic
esp32-01,51.01,2026-09-15T13:51:28-04:00,synthetic
esp32-01,41.05,2026-09-15T14:11:28-04:00,synthetic
esp32-01,33.30,2026-09-15T14:31:28-04:00,synthetic
esp32-01,27.77,2026-09-15T14:51:28-04:00,synthetic
esp32-01,24.45,2026-09-15T15:11:28-04:00,synthetic
esp32-01,23.34,2026-09-15T15:31:28-04:00,synthetic
esp32-01,162.74,2026-09-15T19:08:34-04:00,synthetic
esp32-01,135.12,2026-09-15T19:28:34-04:00,synthetic
esp32-01,110.75,2026-09-15T19:48:34-04:00,synthetic
esp32-01,89.63,2026-09-15T20:08:34-04:00,synthetic
esp32-01,71.76,2026-09-15T20:28:34-04:00,synthetic
esp32-01,57.14,2026-09-15T20:48:34-04:00,synthetic
esp32-01,45.77,2026-09-15T21:08:34-04:00,synthetic
esp32-01,37.65,2026-09-15T21:28:34-04:00,synthetic
esp32-01,32.77,2026-09-15T21:48:34-04:00,synthetic
esp32-01,31.15,2026-09-15T22:08:34-04:00,synthetic
esp32-01,120.66,2026-09-16T06:58:53-04:00,synthetic
esp32-01,97.07,2026-09-16T07:18:53-04:00,synthetic
esp32-01,76.26,2026-09-16T07:38:53-04:00,synthetic
esp32-01,58.22,2026-09-16T07:58:53-04:00,synthetic
esp32-01,42.95,2026-09-16T08:18:53-04:00,synthetic
esp32-01,30.46,2026-09-16T08:38:53-04:00,synthetic
esp32-01,20.75,2026-09-16T08:58:53-04:00,synthetic
esp32-01,13.81,2026-09-16T09:18:53-04:00,synthetic
esp32-01,9.65,2026-09-16T09:38:53-04:00,synthetic
esp32-01,8.26,2026-09-16T09:58:53-04:00,synthetic
esp32-01,112.65,2026-09-16T12:44:12-04:00,synthetic
esp32-01,90.78,2026-09-16T13:04:12-04:00,synthetic
esp32-01,71.48,2026-09-16T13:24:12-04:00,synthetic
esp32-01,54.76,2026-09-16T13:44:12-04:00,synthetic
esp32-01,40.60,2026-09-16T14:04:12-04:00,synthetic
esp32-01,29.02,2026-09-16T14:24:12-04:00,synthetic
esp32-01,20.02,2026-09-16T14:44:12-04:00,synthetic
esp32-01,13.59,2026-09-16T15:04:12-04:00,synthetic
esp32-01,9.73,2026-09-16T15:24:12-04:00,synthetic
esp32-01,8.44,2026-09-16T15:44:12-04:00,synthetic
esp32-01,147.86,2026-09-16T19:07:08-04:00,synthetic
esp32-01,120.31,2026-09-16T19:27:08-04:00,synthetic
esp32-01,96.01,2026-09-16T19:47:08-04:00,synthetic
esp32-01,74.94,2026-09-16T20:07:08-04:00,synthetic
esp32-01,57.12,2026-09-16T20:27:08-04:00,synthetic
esp32-01,42.54,2026-09-16T20:47:08-04:00,synthetic
esp32-01,31.19,2026-09-16T21:07:08-04:00,synthetic
esp32-01,23.09,2026-09-16T21:27:08-04:00,synthetic
esp32-01,18.23,2026-09-16T21:47:08-04:00,synthetic
esp32-01,16.61,2026-09-16T22:07:08-04:00,synthetic
esp32-01,117.40,2026-09-17T07:02:40-04:00,synthetic
esp32-01,94.78,2026-09-17T07:22:40-04:00,synthetic
esp32-01,74.82,2026-09-17T07:42:40-04:00,synthetic
esp32-01,57.52,2026-09-17T08:02:40-04:00,synthetic
esp32-01,42.88,2026-09-17T08:22:40-04:00,synthetic
esp32-01,30.90,2026-09-17T08:42:40-04:00,synthetic
esp32-01,21.59,2026-09-17T09:02:40-04:00,synthetic
esp32-01,14.93,2026-09-17T09:22:40-04:00,synthetic
esp32-01,10.94,2026-09-17T09:42:40-04:00,synthetic
esp32-01,9.61,2026-09-17T10:02:40-04:00,synthetic
esp32-01,111.44,2026-09-17T12:22:49-04:00,synthetic
esp32-01,90.12,2026-09-17T12:42:49-04:00,synthetic
esp32-01,71.31,2026-09-17T13:02:49-04:00,synthetic
esp32-01,55.01,2026-09-17T13:22:49-04:00,synthetic
esp32-01,41.22,2026-09-17T13:42:49-04:00,synthetic
esp32-01,29.93,2026-09-17T14:02:49-04:00,synthetic
esp32-01,21.16,2026-09-17T14:22:49-04:00,synthetic
esp32-01,14.89,2026-09-17T14:42:49-04:00,synthetic
esp32-01,11.12,2026-09-17T15:02:49-04:00,synthetic
esp32-01,9.87,2026-09-17T15:22:49-04:00,synthetic
esp32-01,150.99,2026-09-17T18:54:56-04:00,synthetic
esp32-01,123.62,2026-09-17T19:14:56-04:00,synthetic
esp32-01,99.46,2026-09-17T19:34:56-04:00,synthetic
esp32-01,78.53,2026-09-17T19:54:56-04:00,synthetic
esp32-01,60.82,2026-09-17T20:14:56-04:00,synthetic
esp32-01,46.32,2026-09-17T20:34:56-04:00,synthetic
esp32-01,35.05,2026-09-17T20:54:56-04:00,synthetic
esp32-01,27.00,2026-09-17T21:14:56-04:00,synthetic
esp32-01,22.17,2026-09-17T21:34:56-04:00,synthetic
esp32-01,20.56,2026-09-17T21:54:56-04:00,synthetic
esp32-01,123.20,2026-09-18T07:00:41-04:00,synthetic
esp32-01,98.51,2026-09-18T07:20:41-04:00,synthetic
esp32-01,76.72,2026-09-18T07:40:41-04:00,synthetic
esp32-01,57.84,2026-09-18T08:00:41-04:00,synthetic
esp32-01,41.86,2026-09-18T08:20:41-04:00,synthetic
esp32-01,28.79,2026-09-18T08:40:41-04:00,synthetic
esp32-01,18.62,2026-09-18T09:00:41-04:00,synthetic
esp32-01,11.36,2026-09-18T09:20:41-04:00,synthetic
esp32-01,7.00,2026-09-18T09:40:41-04:00,synthetic
esp32-01,5.55,2026-09-18T10:00:41-04:00,synthetic
esp32-01,108.57,2026-09-18T12:19:21-04:00,synthetic
esp32-01,108.57,2026-09-18T12:39:21-04:00,synthetic
esp32-01,108.57,2026-09-18T12:59:21-04:00,synthetic
esp32-01,108.57,2026-09-18T13:19:21-04:00,synthetic
esp32-01,108.57,2026-09-18T13:39:21-04:00,synthetic
esp32-01,108.57,2026-09-18T13:59:21-04:00,synthetic
esp32-01,108.57,2026-09-18T14:19:21-04:00,synthetic
esp32-01,108.57,2026-09-18T14:39:21-04:00,synthetic
esp32-01,108.57,2026-09-18T14:59:21-04:00,synthetic
esp32-01,108.57,2026-09-18T15:19:21-04:00,synthetic
esp32-01,247.87,2026-09-18T19:22:22-04:00,synthetic
esp32-01,220.17,2026-09-18T19:42:22-04:00,synthetic
esp32-01,195.73,2026-09-18T20:02:22-04:00,synthetic
esp32-01,174.55,2026-09-18T20:22:22-04:00,synthetic
esp32-01,156.63,2026-09-18T20:42:22-04:00,synthetic
esp32-01,141.97,2026-09-18T21:02:22-04:00,synthetic
esp32-01,130.56,2026-09-18T21:22:22-04:00,synthetic
esp32-01,122.42,2026-09-18T21:42:22-04:00,synthetic
esp32-01,117.53,2026-09-18T22:02:22-04:00,synthetic
esp32-01,115.90,2026-09-18T22:22:22-04:00,synthetic
esp32-01,126.34,2026-09-19T07:14:27-04:00,synthetic
esp32-01,102.08,2026-09-19T07:34:27-04:00,synthetic
esp32-01,80.67,2026-09-19T07:54:27-04:00,synthetic
esp32-01,62.12,2026-09-19T08:14:27-04:00,synthetic
esp32-01,46.43,2026-09-19T08:34:27-04:00,synthetic
esp32-01,33.58,2026-09-19T08:54:27-04:00,synthetic
esp32-01,23.59,2026-09-19T09:14:27-04:00,synthetic
esp32-01,16.46,2026-09-19T09:34:27-04:00,synthetic
esp32-01,12.18,2026-09-19T09:54:27-04:00,synthetic
esp32-01,10.75,2026-09-19T10:14:27-04:00,synthetic
esp32-01,103.48,2026-09-19T12:23:41-04:00,synthetic
esp32-01,85.39,2026-09-19T12:43:41-04:00,synthetic
esp32-01,69.42,2026-09-19T13:03:41-04:00,synthetic
esp32-01,55.59,2026-09-19T13:23:41-04:00,synthetic
esp32-01,43.88,2026-09-19T13:43:41-04:00,synthetic
esp32-01,34.30,2026-09-19T14:03:41-04:00,synthetic
esp32-01,26.85,2026-09-19T14:23:41-04:00,synthetic
esp32-01,21.53,2026-09-19T14:43:41-04:00,synthetic
esp32-01,18.33,2026-09-19T15:03:41-04:00,synthetic
esp32-01,17.27,2026-09-19T15:23:41-04:00,synthetic
esp32-01,162.53,2026-09-19T18:37:33-04:00,synthetic
esp32-01,132.36,2026-09-19T18:57:33-04:00,synthetic
esp32-01,105.74,2026-09-19T19:17:33-04:00,synthetic
esp32-01,82.67,2026-09-19T19:37:33-04:00,synthetic
esp32-01,63.15,2026-09-19T19:57:33-04:00,synthetic
esp32-01,47.18,2026-09-19T20:17:33-04:00,synthetic
esp32-01,34.75,2026-09-19T20:37:33-04:00,synthetic
esp32-01,25.88,2026-09-19T20:57:33-04:00,synthetic
esp32-01,20.55,2026-09-19T21:17:33-04:00,synthetic
esp32-01,18.78,2026-09-19T21:37:33-04:00,synthetic
esp32-01,122.89,2026-09-20T07:00:30-04:00,synthetic
esp32-01,98.09,2026-09-20T07:20:30-04:00,synthetic
esp32-01,76.21,2026-09-20T07:40:30-04:00,synthetic
esp32-01,57.25,2026-09-20T08:00:30-04:00,synthetic
esp32-01,41.21,2026-09-20T08:20:30-04:00,synthetic
esp32-01,28.08,2026-09-20T08:40:30-04:00,synthetic
esp32-01,17.87,2026-09-20T09:00:30-04:00,synthetic
esp32-01,10.57,2026-09-20T09:20:30-04:00,synthetic
esp32-01,6.20,2026-09-20T09:40:30-04:00,synthetic
esp32-01,4.74,2026-09-20T10:00:30-04:00,synthetic
esp32-01,109.38,2026-09-20T12:29:12-04:00,synthetic
esp32-01,89.29,2026-09-20T12:49:12-04:00,synthetic
esp32-01,71.56,2026-09-20T13:09:12-04:00,synthetic
esp32-01,56.20,2026-09-20T13:29:12-04:00,synthetic
esp32-01,43.20,2026-09-20T13:49:12-04:00,synthetic
esp32-01,32.56,2026-09-20T14:09:12-04:00,synthetic
esp32-01,24.29,2026-09-20T14:29:12-04:00,synthetic
esp32-01,18.38,2026-09-20T14:49:12-04:00,synthetic
esp32-01,14.83,2026-09-20T15:09:12-04:00,synthetic
esp32-01,13.65,2026-09-20T15:29:12-04:00,synthetic
esp32-01,141.86,2026-09-20T18:48:49-04:00,synthetic
esp32-01,116.75,2026-09-20T19:08:49-04:00,synthetic
esp32-01,94.59,2026-09-20T19:28:49-04:00,synthetic
esp32-01,75.39,2026-09-20T19:48:49-04:00,synthetic
esp32-01,59.15,2026-09-20T20:08:49-04:00,synthetic
esp32-01,45.85,2026-09-20T20:28:49-04:00,synthetic
esp32-01,35.51,2026-09-20T20:48:49-04:00,synthetic
esp32-01,28.13,2026-09-20T21:08:49-04:00,synthetic
esp32-01,23.70,2026-09-20T21:28:49-04:00,synthetic
esp32-01,22.22,2026-09-20T21:48:49-04:00,synthetic
esp32-01,116.18,2026-09-21T06:53:27-04:00,synthetic
esp32-01,94.32,2026-09-21T07:13:27-04:00,synthetic
esp32-01,75.03,2026-09-21T07:33:27-04:00,synthetic
esp32-01,58.32,2026-09-21T07:53:27-04:00,synthetic
esp32-01,44.18,2026-09-21T08:13:27-04:00,synthetic
esp32-01,32.60,2026-09-21T08:33:27-04:00,synthetic
esp32-01,23.60,2026-09-21T08:53:27-04:00,synthetic
esp32-01,17.17,2026-09-21T09:13:27-04:00,synthetic
esp32-01,13.32,2026-09-21T09:33:27-04:00,synthetic
esp32-01,12.03,2026-09-21T09:53:27-04:00,synthetic
esp32-01,115.07,2026-09-21T12:28:47-04:00,synthetic
esp32-01,93.72,2026-09-21T12:48:47-04:00,synthetic
esp32-01,74.88,2026-09-21T13:08:47-04:00,synthetic
esp32-01,58.55,2026-09-21T13:28:47-04:00,synthetic
esp32-01,44.73,2026-09-21T13:48:47-04:00,synthetic
esp32-01,33.43,2026-09-21T14:08:47-04:00,synthetic
esp32-01,24.63,2026-09-21T14:28:47-04:00,synthetic
esp32-01,18.35,2026-09-21T14:48:47-04:00,synthetic
esp32-01,14.59,2026-09-21T15:08:47-04:00,synthetic
esp32-01,13.33,2026-09-21T15:28:47-04:00,synthetic
esp32-01,156.78,2026-09-21T18:52:44-04:00,synthetic
esp32-01,129.66,2026-09-21T19:12:44-04:00,synthetic
esp32-01,105.74,2026-09-21T19:32:44-04:00,synthetic
esp32-01,85.00,2026-09-21T19:52:44-04:00,synthetic
esp32-01,67.46,2026-09-21T20:12:44-04:00,synthetic
esp32-01,53.10,2026-09-21T20:32:44-04:00,synthetic
esp32-01,41.94,2026-09-21T20:52:44-04:00,synthetic
esp32-01,33.96,2026-09-21T21:12:44-04:00,synthetic
esp32-01,29.18,2026-09-21T21:32:44-04:00,synthetic
esp32-01,27.58,2026-09-21T21:52:44-04:00,synthetic
esp32-01,133.28,2026-09-22T07:03:27-04:00,synthetic
esp32-01,108.14,2026-09-22T07:23:27-04:00,synthetic
esp32-01,85.96,2026-09-22T07:43:27-04:00,synthetic
esp32-01,66.74,2026-09-22T08:03:27-04:00,synthetic
esp32-01,50.47,2026-09-22T08:23:27-04:00,synthetic
esp32-01,37.16,2026-09-22T08:43:27-04:00,synthetic
esp32-01,26.81,2026-09-22T09:03:27-04:00,synthetic
esp32-01,19.42,2026-09-22T09:23:27-04:00,synthetic
esp32-01,14.98,2026-09-22T09:43:27-04:00,synthetic
esp32-01,13.50,2026-09-22T10:03:27-04:00,synthetic
esp32-01,121.02,2026-09-22T12:23:53-04:00,synthetic
esp32-01,98.71,2026-09-22T12:43:53-04:00,synthetic
esp32-01,79.02,2026-09-22T13:03:53-04:00,synthetic
esp32-01,61.96,2026-09-22T13:23:53-04:00,synthetic
esp32-01,47.52,2026-09-22T13:43:53-04:00,synthetic
esp32-01,35.71,2026-09-22T14:03:53-04:00,synthetic
esp32-01,26.52,2026-09-22T14:23:53-04:00,synthetic
esp32-01,19.96,2026-09-22T14:43:53-04:00,synthetic
esp32-01,16.02,2026-09-22T15:03:53-04:00,synthetic
esp32-01,14.71,2026-09-22T15:23:53-04:00,synthetic
esp32-01,157.76,2026-09-22T18:53:12-04:00,synthetic
esp32-01,128.86,2026-09-22T19:13:12-04:00,synthetic
esp32-01,103.36,2026-09-22T19:33:12-04:00,synthetic
esp32-01,81.25,2026-09-22T19:53:12-04:00,synthetic
esp32-01,62.55,2026-09-22T20:13:12-04:00,synthetic
esp32-01,47.25,2026-09-22T20:33:12-04:00,synthetic
esp32-01,35.35,2026-09-22T20:53:12-04:00,synthetic
esp32-01,26.85,2026-09-22T21:13:12-04:00,synthetic
esp32-01,21.75,2026-09-22T21:33:12-04:00,synthetic
esp32-01,20.05,2026-09-22T21:53:12-04:00,synthetic
esp32-01,129.29,2026-09-23T06:58:32-04:00,synthetic
esp32-01,104.90,2026-09-23T07:18:32-04:00,synthetic
esp32-01,83.37,2026-09-23T07:38:32-04:00,synthetic
esp32-01,64.72,2026-09-23T07:58:32-04:00,synthetic
esp32-01,48.93,2026-09-23T08:18:32-04:00,synthetic
esp32-01,36.02,2026-09-23T08:38:32-04:00,synthetic
esp32-01,25.97,2026-09-23T08:58:32-04:00,synthetic
esp32-01,18.80,2026-09-23T09:18:32-04:00,synthetic
esp32-01,14.49,2026-09-23T09:38:32-04:00,synthetic
esp32-01,13.06,2026-09-23T09:58:32-04:00,synthetic
esp32-01,114.49,2026-09-23T12:28:56-04:00,synthetic
esp32-01,93.65,2026-09-23T12:48:56-04:00,synthetic
esp32-01,75.26,2026-09-23T13:08:56-04:00,synthetic
esp32-01,59.32,2026-09-23T13:28:56-04:00,synthetic
esp32-01,45.83,2026-09-23T13:48:56-04:00,synthetic
esp32-01,34.80,2026-09-23T14:08:56-04:00,synthetic
esp32-01,26.21,2026-09-23T14:28:56-04:00,synthetic
esp32-01,20.08,2026-09-23T14:48:56-04:00,synthetic
esp32-01,16.41,2026-09-23T15:08:56-04:00,synthetic
esp32-01,15.18,2026-09-23T15:28:56-04:00,synthetic
esp32-01,153.32,2026-09-23T18:52:36-04:00,synthetic
esp32-01,125.64,2026-09-23T19:12:36-04:00,synthetic
esp32-01,101.22,2026-09-23T19:32:36-04:00,synthetic
esp32-01,80.05,2026-09-23T19:52:36-04:00,synthetic
esp32-01,62.14,2026-09-23T20:12:36-04:00,synthetic
esp32-01,47.49,2026-09-23T20:32:36-04:00,synthetic
esp32-01,36.09,2026-09-23T20:52:36-04:00,synthetic
esp32-01,27.95,2026-09-23T21:12:36-04:00,synthetic
esp32-01,23.07,2026-09-23T21:32:36-04:00,synthetic
esp32-01,21.44,2026-09-23T21:52:36-04:00,synthetic
esp32-01,131.22,2026-09-24T06:34:49-04:00,synthetic
esp32-01,106.51,2026-09-24T06:54:49-04:00,synthetic
esp32-01,84.71,2026-09-24T07:14:49-04:00,synthetic
esp32-01,65.81,2026-09-24T07:34:49-04:00,synthetic
esp32-01,49.82,2026-09-24T07:54:49-04:00,synthetic
esp32-01,36.74,2026-09-24T08:14:49-04:00,synthetic
esp32-01,26.56,2026-09-24T08:34:49-04:00,synthetic
esp32-01,19.29,2026-09-24T08:54:49-04:00,synthetic
esp32-01,14.93,2026-09-24T09:14:49-04:00,synthetic
esp32-01,13.48,2026-09-24T09:34:49-04:00,synthetic
esp32-01,115.60,2026-09-24T12:38:52-04:00,synthetic
esp32-01,95.00,2026-09-24T12:58:52-04:00,synthetic
esp32-01,76.82,2026-09-24T13:18:52-04:00,synthetic
esp32-01,61.07,2026-09-24T13:38:52-04:00,synthetic
esp32-01,47.74,2026-09-24T13:58:52-04:00,synthetic
esp32-01,36.84,2026-09-24T14:18:52-04:00,synthetic
esp32-01,28.36,2026-09-24T14:38:52-04:00,synthetic
esp32-01,22.30,2026-09-24T14:58:52-04:00,synthetic
esp32-01,18.66,2026-09-24T15:18:52-04:00,synthetic
esp32-01,17.45,2026-09-24T15:38:52-04:00,synthetic
esp32-01,157.95,2026-09-24T18:42:59-04:00,synthetic
esp32-01,130.70,2026-09-24T19:02:59-04:00,synthetic
esp32-01,106.66,2026-09-24T19:22:59-04:00,synthetic
esp32-01,85.82,2026-09-24T19:42:59-04:00,synthetic
esp32-01,68.18,2026-09-24T20:02:59-04:00,synthetic
esp32-01,53.76,2026-09-24T20:22:59-04:00,synthetic
esp32-01,42.54,2026-09-24T20:42:59-04:00,synthetic
esp32-01,34.52,2026-09-24T21:02:59-04:00,synthetic
esp32-01,29.71,2026-09-24T21:22:59-04:00,synthetic
esp32-01,28.11,2026-09-24T21:42:59-04:00,synthetic
esp32-01,126.24,2026-09-25T06:50:58-04:00,synthetic
esp32-01,114.86,2026-09-25T07:10:58-04:00,synthetic
esp32-01,104.83,2026-09-25T07:30:58-04:00,synthetic
esp32-01,96.13,2026-09-25T07:50:58-04:00,synthetic
esp32-01,88.77,2026-09-25T08:10:58-04:00,synthetic
esp32-01,82.75,2026-09-25T08:30:58-04:00,synthetic
esp32-01,78.06,2026-09-25T08:50:58-04:00,synthetic
esp32-01,74.72,2026-09-25T09:10:58-04:00,synthetic
esp32-01,72.71,2026-09-25T09:30:58-04:00,synthetic
esp32-01,72.04,2026-09-25T09:50:58-04:00,synthetic
esp32-01,176.96,2026-09-25T12:15:55-04:00,synthetic
esp32-01,170.73,2026-09-25T12:35:55-04:00,synthetic
esp32-01,165.23,2026-09-25T12:55:55-04:00,synthetic
esp32-01,160.47,2026-09-25T13:15:55-04:00,synthetic
esp32-01,156.43,2026-09-25T13:35:55-04:00,synthetic
esp32-01,153.13,2026-09-25T13:55:55-04:00,synthetic
esp32-01,150.57,2026-09-25T14:15:55-04:00,synthetic
esp32-01,148.74,2026-09-25T14:35:55-04:00,synthetic
esp32-01,147.64,2026-09-25T14:55:55-04:00,synthetic
esp32-01,147.27,2026-09-25T15:15:55-04:00,synthetic
esp32-01,280.80,2026-09-25T18:59:23-04:00,synthetic
esp32-01,270.58,2026-09-25T19:19:23-04:00,synthetic
esp32-01,261.56,2026-09-25T19:39:23-04:00,synthetic
esp32-01,253.75,2026-09-25T19:59:23-04:00,synthetic
esp32-01,247.14,2026-09-25T20:19:23-04:00,synthetic
esp32-01,241.73,2026-09-25T20:39:23-04:00,synthetic
esp32-01,237.52,2026-09-25T20:59:23-04:00,synthetic
esp32-01,234.51,2026-09-25T21:19:23-04:00,synthetic
esp32-01,232.71,2026-09-25T21:39:23-04:00,synthetic
esp32-01,232.11,2026-09-25T21:59:23-04:00,synthetic
esp32-01,131.18,2026-09-26T07:10:46-04:00,synthetic
esp32-01,105.24,2026-09-26T07:30:46-04:00,synthetic
esp32-01,82.36,2026-09-26T07:50:46-04:00,synthetic
esp32-01,62.52,2026-09-26T08:10:46-04:00,synthetic
esp32-01,45.74,2026-09-26T08:30:46-04:00,synthetic
esp32-01,32.01,2026-09-26T08:50:46-04:00,synthetic
esp32-01,21.33,2026-09-26T09:10:46-04:00,synthetic
esp32-01,13.70,2026-09-26T09:30:46-04:00,synthetic
esp32-01,9.13,2026-09-26T09:50:46-04:00,synthetic
esp32-01,7.60,2026-09-26T10:10:46-04:00,synthetic
esp32-01,109.37,2026-09-26T12:36:43-04:00,synthetic
esp32-01,88.96,2026-09-26T12:56:43-04:00,synthetic
esp32-01,70.94,2026-09-26T13:16:43-04:00,synthetic
esp32-01,55.33,2026-09-26T13:36:43-04:00,synthetic
esp32-01,42.12,2026-09-26T13:56:43-04:00,synthetic
esp32-01,31.31,2026-09-26T14:16:43-04:00,synthetic
esp32-01,22.91,2026-09-26T14:36:43-04:00,synthetic
esp32-01,16.90,2026-09-26T14:56:43-04:00,synthetic
esp32-01,13.30,2026-09-26T15:16:43-04:00,synthetic
esp32-01,12.10,2026-09-26T15:36:43-04:00,synthetic
esp32-01,153.10,2026-09-26T19:00:32-04:00,synthetic
esp32-01,123.52,2026-09-26T19:20:32-04:00,synthetic
esp32-01,97.41,2026-09-26T19:40:32-04:00,synthetic
esp32-01,74.79,2026-09-26T20:00:32-04:00,synthetic
esp32-01,55.65,2026-09-26T20:20:32-04:00,synthetic
esp32-01,39.98,2026-09-26T20:40:32-04:00,synthetic
esp32-01,27.80,2026-09-26T21:00:32-04:00,synthetic
esp32-01,19.10,2026-09-26T21:20:32-04:00,synthetic
esp32-01,13.88,2026-09-26T21:40:32-04:00,synthetic
esp32-01,12.14,2026-09-26T22:00:32-04:00,synthetic
esp32-01,124.72,2026-09-27T07:04:29-04:00,synthetic
esp32-01,100.01,2026-09-27T07:24:29-04:00,synthetic
esp32-01,78.21,2026-09-27T07:44:29-04:00,synthetic
esp32-01,59.31,2026-09-27T08:04:29-04:00,synthetic
esp32-01,43.33,2026-09-27T08:24:29-04:00,synthetic
esp32-01,30.25,2026-09-27T08:44:29-04:00,synthetic
esp32-01,20.07,2026-09-27T09:04:29-04:00,synthetic
esp32-01,12.80,2026-09-27T09:24:29-04:00,synthetic
esp32-01,8.44,2026-09-27T09:44:29-04:00,synthetic
esp32-01,6.99,2026-09-27T10:04:29-04:00,synthetic
esp32-01,108.37,2026-09-27T12:26:33-04:00,synthetic
esp32-01,87.58,2026-09-27T12:46:33-04:00,synthetic
esp32-01,69.23,2026-09-27T13:06:33-04:00,synthetic
esp32-01,53.33,2026-09-27T13:26:33-04:00,synthetic
esp32-01,39.88,2026-09-27T13:46:33-04:00,synthetic
esp32-01,28.87,2026-09-27T14:06:33-04:00,synthetic
esp32-01,20.31,2026-09-27T14:26:33-04:00,synthetic
esp32-01,14.19,2026-09-27T14:46:33-04:00,synthetic
esp32-01,10.52,2026-09-27T15:06:33-04:00,synthetic
esp32-01,9.30,2026-09-27T15:26:33-04:00,synthetic
esp32-01,150.61,2026-09-27T19:07:04-04:00,synthetic
esp32-01,122.55,2026-09-27T19:27:04-04:00,synthetic
esp32-01,97.80,2026-09-27T19:47:04-04:00,synthetic
esp32-01,76.34,2026-09-27T20:07:04-04:00,synthetic
esp32-01,58.19,2026-09-27T20:27:04-04:00,synthetic
esp32-01,43.34,2026-09-27T20:47:04-04:00,synthetic
esp32-01,31.78,2026-09-27T21:07:04-04:00,synthetic
esp32-01,23.53,2026-09-27T21:27:04-04:00,synthetic
esp32-01,18.58,2026-09-27T21:47:04-04:00,synthetic
esp32-01,16.93,2026-09-27T22:07:04-04:00,synthetic
esp32-01,127.37,2026-09-28T07:06:31-04:00,synthetic
esp32-01,104.53,2026-09-28T07:26:31-04:00,synthetic
esp32-01,84.37,2026-09-28T07:46:31-04:00,synthetic
esp32-01,66.90,2026-09-28T08:06:31-04:00,synthetic
esp32-01,52.12,2026-09-28T08:26:31-04:00,synthetic
esp32-01,40.03,2026-09-28T08:46:31-04:00,synthetic
esp32-01,30.62,2026-09-28T09:06:31-04:00,synthetic
esp32-01,23.90,2026-09-28T09:26:31-04:00,synthetic
esp32-01,19.87,2026-09-28T09:46:31-04:00,synthetic
esp32-01,18.53,2026-09-28T10:06:31-04:00,synthetic
esp32-01,116.95,2026-09-28T12:28:16-04:00,synthetic
esp32-01,96.34,2026-09-28T12:48:16-04:00,synthetic
esp32-01,78.16,2026-09-28T13:08:16-04:00,synthetic
esp32-01,62.41,2026-09-28T13:28:16-04:00,synthetic
esp32-01,49.07,2026-09-28T13:48:16-04:00,synthetic
esp32-01,38.16,2026-09-28T14:08:16-04:00,synthetic
esp32-01,29.68,2026-09-28T14:28:16-04:00,synthetic
esp32-01,23.62,2026-09-28T14:48:16-04:00,synthetic
esp32-01,19.98,2026-09-28T15:08:16-04:00,synthetic
esp32-01,18.77,2026-09-28T15:28:16-04:00,synthetic
esp32-01,161.89,2026-09-28T18:52:49-04:00,synthetic
esp32-01,133.07,2026-09-28T19:12:49-04:00,synthetic
esp32-01,107.65,2026-09-28T19:32:49-04:00,synthetic
esp32-01,85.61,2026-09-28T19:52:49-04:00,synthetic
esp32-01,66.97,2026-09-28T20:12:49-04:00,synthetic
esp32-01,51.71,2026-09-28T20:32:49-04:00,synthetic
esp32-01,39.85,2026-09-28T20:52:49-04:00,synthetic
esp32-01,31.37,2026-09-28T21:12:49-04:00,synthetic
esp32-01,26.29,2026-09-28T21:32:49-04:00,synthetic
esp32-01,24.59,2026-09-28T21:52:49-04:00,synthetic
